-- MySQL dump 10.16  Distrib 10.1.21-MariaDB, for Win32 (AMD64)
--
-- Host: localhost    Database: localhost
-- ------------------------------------------------------
-- Server version	10.1.21-MariaDB

/*!40101 SET @OLD_CHARACTER_SET_CLIENT=@@CHARACTER_SET_CLIENT */;
/*!40101 SET @OLD_CHARACTER_SET_RESULTS=@@CHARACTER_SET_RESULTS */;
/*!40101 SET @OLD_COLLATION_CONNECTION=@@COLLATION_CONNECTION */;
/*!40101 SET NAMES utf8 */;
/*!40103 SET @OLD_TIME_ZONE=@@TIME_ZONE */;
/*!40103 SET TIME_ZONE='+00:00' */;
/*!40014 SET @OLD_UNIQUE_CHECKS=@@UNIQUE_CHECKS, UNIQUE_CHECKS=0 */;
/*!40014 SET @OLD_FOREIGN_KEY_CHECKS=@@FOREIGN_KEY_CHECKS, FOREIGN_KEY_CHECKS=0 */;
/*!40101 SET @OLD_SQL_MODE=@@SQL_MODE, SQL_MODE='NO_AUTO_VALUE_ON_ZERO' */;
/*!40111 SET @OLD_SQL_NOTES=@@SQL_NOTES, SQL_NOTES=0 */;

--
-- Current Database: `african_plantae`
--

CREATE DATABASE /*!32312 IF NOT EXISTS*/ `african_plantae` /*!40100 DEFAULT CHARACTER SET latin1 */;

USE `african_plantae`;

--
-- Table structure for table `family`
--

DROP TABLE IF EXISTS `family`;
/*!40101 SET @saved_cs_client     = @@character_set_client */;
/*!40101 SET character_set_client = utf8 */;
CREATE TABLE `family` (
  `id_family` char(2) NOT NULL,
  `family` varchar(20) NOT NULL,
  `id_order` char(2) DEFAULT NULL,
  PRIMARY KEY (`id_family`),
  KEY `id_order` (`id_order`),
  CONSTRAINT `FAMILY_ibfk_1` FOREIGN KEY (`id_order`) REFERENCES `ord3r` (`id_order`)
) ENGINE=InnoDB DEFAULT CHARSET=latin1;
/*!40101 SET character_set_client = @saved_cs_client */;

--
-- Dumping data for table `family`
--

LOCK TABLES `family` WRITE;
/*!40000 ALTER TABLE `family` DISABLE KEYS */;
INSERT INTO `family` VALUES ('1A','Amaryllidaceae','L1'),('1C','Cactaceae','C1'),('1D','Didiereaceae','C1'),('1E','Ebenaceae','E1'),('1L','Leguminosae','F1'),('1M','Malvaceae','M1'),('1N','Nepenthaceae','N1'),('1O','Orchidaceae','O1'),('1P','Palmae','A1'),('1R','Rosaceae','R1'),('1S','Santalaceae','S1'),('1V','Vitaceae','R2'),('1W','Welwitschiaceae','P2'),('1Z','Zamiaceae','C3'),('2A','Anacardiaceae','S1'),('2C','Cucurbitaceae','V1'),('2E','Euphorbiaceae','E2'),('2L','Liliaceae','L1'),('2P','Passifloraceae','V1'),('2S','Stangeriaceae','C3'),('3A','Apocynaceae','G1'),('3C','Cyatheaceae','C2'),('3P','Pedaliaceae','S2'),('4C','Cycadaceae','C3'),('4P','Portulacaceae','C1'),('5P','Primulaceae','P1');
/*!40000 ALTER TABLE `family` ENABLE KEYS */;
UNLOCK TABLES;

--
-- Table structure for table `genus`
--

DROP TABLE IF EXISTS `genus`;
/*!40101 SET @saved_cs_client     = @@character_set_client */;
/*!40101 SET character_set_client = utf8 */;
CREATE TABLE `genus` (
  `id_genus` int(11) NOT NULL,
  `genus` varchar(20) NOT NULL,
  `id_family` char(2) DEFAULT NULL,
  PRIMARY KEY (`id_genus`),
  KEY `id_family` (`id_family`),
  CONSTRAINT `GENUS_ibfk_1` FOREIGN KEY (`id_family`) REFERENCES `family` (`id_family`)
) ENGINE=InnoDB DEFAULT CHARSET=latin1;
/*!40101 SET character_set_client = @saved_cs_client */;

--
-- Dumping data for table `genus`
--

LOCK TABLES `genus` WRITE;
/*!40000 ALTER TABLE `genus` DISABLE KEYS */;
INSERT INTO `genus` VALUES (1,'Sternbergia','1A'),(2,'Operculicarya','2A'),(3,'Hoodia','3A'),(4,'Pachypodium','3A'),(5,'Rhipsalis','1C'),(6,'Zygosicyos','2C'),(7,'Alsophila','3C'),(8,'Cyathea','3C'),(9,'Sphaeropteris','3C'),(10,'Cycas','4C'),(11,'Alluaudia','1D'),(12,'Alluaudiopsis','1D'),(13,'Decarya','1D'),(14,'Didierea','1D'),(15,'Diospyros','1E'),(16,'Euphorbia','2E'),(17,'Dalbergia','1L'),(18,'Guibourtia','1L'),(19,'Pericopsis','1L'),(20,'Pterocarpus','1L'),(21,'Senna','1L'),(22,'Aloe','2L'),(23,'Adansonia','1M'),(24,'Nepenthes','1N'),(25,'Acampe','1O'),(26,'Acrolophia','1O'),(27,'Aerangis','1O'),(28,'Agrostophyllum','1O'),(29,'Anacamptis','1O'),(30,'Angraecopsis','1O'),(31,'Angraecum','1O'),(32,'Ansellia','1O'),(33,'Arnottia','1O'),(34,'Bartholina','1O'),(35,'Beclardia','1O'),(36,'Bolusiella','1O'),(37,'Bonatea','1O'),(38,'Brachycorythis','1O'),(39,'Bulbophyllum','1O'),(40,'Calanthe','1O'),(41,'Centrostigma','1O'),(42,'Ceratandra','1O'),(43,'Chamaeangis','1O'),(44,'Chaseella','1O'),(45,'Cheirostylis','1O'),(46,'Corycium','1O'),(47,'Corymborkis','1O'),(48,'Dactylorhiza','1O'),(49,'Dendrobium','1O'),(50,'Diaphananthe','1O'),(51,'Diceratostele','1O'),(52,'Didymoplexis','1O'),(53,'Disa','1O'),(54,'Disperis','1O'),(55,'Erasanthe','1O'),(56,'Eulophia','1O'),(57,'Eulophidium','1O'),(58,'Eulophiella','1O'),(59,'Evotella','1O'),(60,'Gastrodia','1O'),(61,'Genyorchis','1O'),(62,'Grammangis','1O'),(63,'Graphorkis','1O'),(64,'Habenaria','1O'),(65,'Hederorkis','1O'),(66,'Herschelianthe','1O'),(67,'Holothrix','1O'),(68,'Huttonaea','1O'),(69,'Jumellea','1O'),(70,'Liparis','1O'),(71,'Malaxis','1O'),(72,'Manniella','1O'),(73,'Margelliantha','1O'),(74,'Microcoelia','1O'),(75,'Monadenia','1O'),(76,'Mystacidium','1O'),(77,'Neobolusia','1O'),(78,'Nervilia','1O'),(79,'Oberonia','1O'),(80,'Oeceoclades','1O'),(81,'Oeoniella','1O'),(82,'Ophrys','1O'),(83,'Orchis','1O'),(84,'Orestias','1O'),(85,'Ossiculum','1O'),(86,'Pachites','1O'),(87,'Phaius','1O'),(88,'Physoceras','1O'),(89,'Platanthera','1O'),(90,'Platycoryne','1O'),(91,'Platylepis','1O'),(92,'Polystachya','1O'),(93,'Pteroglossaspis','1O'),(94,'Pterygodium','1O'),(95,'Rangaeris','1O'),(96,'Satyridium','1O'),(97,'Satyrium','1O'),(98,'Schizochilus','1O'),(99,'Schizodium','1O'),(100,'Sobennikoffia','1O'),(101,'Solenangis','1O'),(102,'Stenoglottis','1O'),(103,'Stolzia','1O'),(104,'Taeniophyllum','1O'),(105,'Tridactyle','1O'),(106,'Vanilla','1O'),(107,'Zeuxine','1O'),(108,'Beccariophoenix','1P'),(109,'Dypsis','1P'),(110,'Lemurophoenix','1P'),(111,'Lodoicea','1P'),(112,'Marojejya','1P'),(113,'Ravenea','1P'),(114,'Satranala','1P'),(115,'Voanioala','1P'),(116,'Adenia','2P'),(117,'Uncarina','3P'),(118,'Anacampseros','4P'),(119,'Avonia','4P'),(120,'Cyclamen','5P'),(121,'Prunus','1R'),(122,'Osyris','1S'),(123,'Stangeria','2S'),(124,'Cyphostemma','1V'),(125,'Welwitschia','1W'),(126,'Encephalartos','1Z'),(127,'Cynorkis','1O'),(128,'Cyrtorchis','1O');
/*!40000 ALTER TABLE `genus` ENABLE KEYS */;
UNLOCK TABLES;

--
-- Table structure for table `ord3r`
--

DROP TABLE IF EXISTS `ord3r`;
/*!40101 SET @saved_cs_client     = @@character_set_client */;
/*!40101 SET character_set_client = utf8 */;
CREATE TABLE `ord3r` (
  `id_order` char(2) NOT NULL,
  `ord3r` varchar(20) NOT NULL,
  PRIMARY KEY (`id_order`)
) ENGINE=InnoDB DEFAULT CHARSET=latin1;
/*!40101 SET character_set_client = @saved_cs_client */;

--
-- Dumping data for table `ord3r`
--

LOCK TABLES `ord3r` WRITE;
/*!40000 ALTER TABLE `ord3r` DISABLE KEYS */;
INSERT INTO `ord3r` VALUES ('A1','Arecales'),('C1','Caryophyllales'),('C2','Cyatheales'),('C3','Cycadales'),('E1','Ebenales'),('E2','Euphorbiales'),('F1','Fabales'),('G1','Gentianales'),('L1','Liliales'),('M1','Malvales'),('N1','Nepenthales'),('O1','Orchidales'),('P1','Primulales'),('P2','Pinales'),('R1','Rosales'),('R2','Rhamnales'),('S1','Sapindales'),('S2','Scrophulariales'),('S3','Santanales'),('V1','Violales');
/*!40000 ALTER TABLE `ord3r` ENABLE KEYS */;
UNLOCK TABLES;

--
-- Table structure for table `plant`
--

DROP TABLE IF EXISTS `plant`;
/*!40101 SET @saved_cs_client     = @@character_set_client */;
/*!40101 SET character_set_client = utf8 */;
CREATE TABLE `plant` (
  `id_plant` int(11) NOT NULL AUTO_INCREMENT,
  `species` varchar(30) NOT NULL,
  `subspecies` varchar(30) NOT NULL,
  `scientific_name` varchar(70) NOT NULL,
  `id_genus` int(11) DEFAULT NULL,
  PRIMARY KEY (`id_plant`),
  KEY `id_genus` (`id_genus`),
  CONSTRAINT `PLANT_ibfk_1` FOREIGN KEY (`id_genus`) REFERENCES `genus` (`id_genus`)
) ENGINE=InnoDB AUTO_INCREMENT=68428 DEFAULT CHARSET=latin1;
/*!40101 SET character_set_client = @saved_cs_client */;

--
-- Dumping data for table `plant`
--

LOCK TABLES `plant` WRITE;
/*!40000 ALTER TABLE `plant` DISABLE KEYS */;
INSERT INTO `plant` VALUES (13710,'acuta','','Diaphananthe acuta',50),(13714,'ibitiensis','','Aloe ibitiensis',22),(13722,'viguieri','','Angraecum viguieri',31),(13727,'sinkatana','','Aloe sinkatana',22),(13732,'ventriosum','','Bulbophyllum ventriosum',39),(13748,'schinzii','','Euphorbia schinzii',16),(13762,'msinganus','','Encephalartos msinganus',126),(13767,'inornatum','','Bulbophyllum inornatum',39),(13768,'flexuosa','','Aerangis flexuosa',27),(13777,'scripta','','Graphorkis scripta',63),(13784,'eburneum','','Angraecum eburneum',31),(13793,'succulentum','','Pachypodium succulentum',4),(13798,'branddraaiensis','','Aloe branddraaiensis',22),(13802,'virosa','','Euphorbia virosa',16),(13828,'urschianum','','Angraecum urschianum',31),(13836,'lydenburgensis','','Euphorbia lydenburgensis',16),(13845,'ecalcarata','','Monadenia ecalcarata',75),(13847,'vasselotii','','Disa vasselotii',53),(13848,'tsilotsilensis','','Alsophila tsilotsilensis',7),(13850,'verdickii','','Aerangis verdickii',27),(13854,'venosa','','Disa venosa',53),(13858,'isaloensis','','Aloe isaloensis',22),(13860,'cupidus','','Encephalartos cupidus',126),(13863,'andasibeense','','Angraecum andasibeense',31),(13870,'debrana','','Aloe debrana',22),(13872,'peyrierasii','','Aloe peyrierasii',22),(13876,'viguieri','','Alsophila viguieri',7),(13877,'aageodonta','','Aloe aageodonta',22),(13888,'maldivica','','Lodoicea maldivica',111),(13890,'ruspoliana','','Aloe ruspoliana',22),(13891,'falcipetalum','','Bulbophyllum falcipetalum',39),(13897,'goetzei','','Euphorbia goetzei',16),(13919,'ellenbeckii','','Euphorbia ellenbeckii',16),(13932,'analamazoatrae','','Bulbophyllum analamazoatrae',39),(13933,'bullata','','Cyathea bullata',8),(13935,'ferkoanum','','Bulbophyllum ferkoanum',39),(13947,'primulifolia','','Euphorbia primulifolia',16),(13949,'duckeri','','Aloe duckeri',22),(13963,'saronarae','','Aloe saronarae',22),(13965,'rufescens','','Anacampseros rufescens',118),(13979,'serratifolia','','Alsophila serratifolia',7),(13991,'bolusii','','Acrolophia bolusii',26),(14008,'edentatum','','Bulbophyllum edentatum',39),(14019,'perpusillum','','Bulbophyllum perpusillum',39),(14029,'testuana','','Polystachya testuana',92),(14032,'viduiflora','','Euphorbia viduiflora',16),(14044,'brachyrhopalon','','Angraecum brachyrhopalon',31),(14054,'arahaka','','Euphorbia arahaka',16),(14061,'nzoanum','','Angraecum nzoanum',31),(14065,'knobelii','','Euphorbia knobelii',16),(14076,'demissa','','Euphorbia demissa',16),(14077,'amicorum','','Euphorbia amicorum',16),(14078,'gracilicaulis','','Euphorbia gracilicaulis',16),(14086,'bifarium','','Bulbophyllum bifarium',39),(14087,'megalogenys','','Polystachya megalogenys',92),(14089,'cirrhoglossum','','Bulbophyllum cirrhoglossum',39),(14094,'bukobana','','Aloe bukobana',22),(14101,'cornucopiae','','Angraecum cornucopiae',31),(14102,'filamentosa','','Anacampseros filamentosa',118),(14121,'ferox','','Aloe ferox',22),(14126,'eyassiana','','Euphorbia eyassiana',16),(14136,'delphinensis','','Aloe delphinensis',22),(14157,'denticulatum','','Bulbophyllum denticulatum',39),(14160,'dichotoma','','Aloe dichotoma',22),(14168,'firthii','','Angraecum firthii',31),(14176,'socotrana','','Habenaria socotrana',64),(14189,'furcata','','Euphorbia furcata',16),(14191,'meirax','','Angraecum meirax',31),(14194,'pinifolium','','Angraecum pinifolium',31),(14213,'fimbrialis','','Aloe fimbrialis',22),(14217,'leonensis','','Euphorbia leonensis',16),(14221,'indecora','','Euphorbia indecora',16),(14225,'dyris','','Ophrys dyris',82),(14229,'bicallosum','','Angraecum bicallosum',31),(14242,'cucullata','','Vanilla cucullata',106),(14251,'ovalis','','Diaphananthe ovalis',50),(14255,'aggregatum','','Bulbophyllum aggregatum',39),(14263,'atrox','','Euphorbia atrox',16),(14270,'gariepina','','Euphorbia gariepina',16),(14273,'ovalifolia','','Disa ovalifolia',53),(14286,'hazeliana','','Aloe hazeliana',22),(14287,'pulchella','','Aerangis pulchella',27),(14301,'barnardii','','Euphorbia barnardii',16),(14303,'louvelii','','Dalbergia louvelii',17),(14306,'imerina','','Euphorbia imerina',16),(14309,'nitida','','Disperis nitida',54),(14312,'bojeri','','Dalbergia bojeri',17),(14313,'bergii','','Euphorbia bergii',16),(14318,'pubescens','','Aloe pubescens',22),(14347,'cooperi','','Aloe cooperi',22),(14349,'decaryanum','','Angraecum decaryanum',31),(14374,'marattioides','','Alsophila marattioides',7),(14383,'sacciferum','','Angraecum sacciferum',31),(14390,'makallensis','','Euphorbia makallensis',16),(14412,'linearifolia','','Aloe linearifolia',22),(14420,'trachyticola','','Aloe trachyticola',22),(14421,'tripartitus','','Zygosicyos tripartitus',6),(14431,'dekindtii','','Euphorbia dekindtii',16),(14441,'fleckii','','Euphorbia fleckii',16),(14445,'yavellana','','Aloe yavellana',22),(14447,'multiflorum','','Angraecum multiflorum',31),(14451,'coriophorum','','Bulbophyllum coriophorum',39),(14455,'trilobata','','Platycoryne trilobata',90),(14462,'dregei','','Hoodia dregei',3),(14463,'mammillaris','','Euphorbia mammillaris',16),(14474,'humile','','Angraecum humile',31),(14478,'malacophylla','','Habenaria malacophylla',64),(14479,'eriopus','','Stangeria eriopus',123),(14485,'brunellii','','Euphorbia brunellii',16),(14495,'glochidiata','','Euphorbia glochidiata',16),(14506,'cribbianum','','Angraecum cribbianum',31),(14521,'ukambensis','','Aloe ukambensis',22),(14526,'normandii','','Dalbergia normandii',17),(14527,'liparidioides','','Bulbophyllum liparidioides',39),(14543,'rubellum','','Angraecum rubellum',31),(14563,'guerrae','','Aloe guerrae',22),(14565,'leandrii','','Aloe leandrii',22),(14577,'cedarbergensis','','Disa cedarbergensis',53),(14584,'tridentata','','Polystachya tridentata',92),(14585,'auriculata','','Alsophila auriculata',7),(14592,'eranthes','','Euphorbia eranthes',16),(14599,'paganorum','','Euphorbia paganorum',16),(14611,'boiteaui','','Aloe boiteaui',22),(14621,'andringitrensis','','Aloe andringitrensis',22),(14629,'latipetalum','','Bulbophyllum latipetalum',39),(14634,'pandurella','','Bulbophyllum pandurella',39),(14635,'sulfureum','','Bulbophyllum sulfureum',39),(14640,'turkanensis','','Aloe turkanensis',22),(14643,'scariosum','','Bulbophyllum scariosum',39),(14645,'albovestita','','Aloe albovestita',22),(14661,'inopinatum','','Pachypodium inopinatum',4),(14670,'acervata','','Euphorbia acervata',16),(14676,'broomii','','Aloe broomii',22),(14687,'mlanjeana','','Euphorbia mlanjeana',16),(14696,'pyriforme','','Angraecum pyriforme',31),(14698,'cardiobulbum','','Bulbophyllum cardiobulbum',39),(14701,'cannellii','','Euphorbia cannellii',16),(14704,'microdendron','','Bulbophyllum microdendron',39),(14713,'cochleatum','','Bulbophyllum cochleatum',39),(14717,'deserti','','Aloe deserti',22),(14720,'fuscum','','Bulbophyllum fuscum',39),(14735,'bupleurifolia','','Euphorbia bupleurifolia',16),(14736,'dissitispina','','Euphorbia dissitispina',16),(14739,'charleswilsoniana','','Euphorbia charleswilsoniana',16),(14742,'tewoldei','','Aloe tewoldei',22),(14762,'macowaniana','','Brachycorythis macowaniana',38),(14767,'humilis','','Encephalartos humilis',126),(14769,'eugene-maraisii','','Encephalartos eugene-maraisii',126),(14770,'mandotoensis','','Aloe mandotoensis',22),(14782,'percorniculatum','','Bulbophyllum percorniculatum',39),(14795,'tuckeyana','','Euphorbia tuckeyana',16),(14808,'milne-redheadii','','Aloe milne-redheadii',22),(14811,'carnea','','Aloe carnea',22),(14813,'zeyheri','','Schizochilus zeyheri',98),(14848,'ankarensis','','Euphorbia ankarensis',16),(14853,'multivaginatum','','Bulbophyllum multivaginatum',39),(14861,'vulcanicum','','Bulbophyllum vulcanicum',39),(14876,'fragrans','','Jumellea fragrans',69),(14877,'superans','','Euphorbia superans',16),(14885,'middelburgensis','','Encephalartos middelburgensis',126),(14891,'itremensis','','Aloe itremensis',22),(14901,'humbertii','','Calanthe humbertii',40),(14903,'cryptocaulis','','Euphorbia cryptocaulis',16),(14906,'rhizomaniacum','','Angraecum rhizomaniacum',31),(14911,'harveiana','','Disa harveiana',53),(14943,'ikongoense','','Bulbophyllum ikongoense',39),(14949,'brachyceras','','Disa brachyceras',53),(14953,'craibii','','Aloe craibii',22),(14955,'thraskii','','Aloe thraskii',22),(14964,'petromedusa','','Habenaria petromedusa',64),(14985,'hadramautica','','Euphorbia hadramautica',16),(14987,'woodii','','Disperis woodii',54),(14995,'adenochila','','Euphorbia adenochila',16),(15018,'distinctissima','','Euphorbia distinctissima',16),(15020,'canarina','','Aloe canarina',22),(15024,'amphorimorphum','','Bulbophyllum amphorimorphum',39),(15027,'clavigera','','Euphorbia clavigera',16),(15037,'insolitum','','Bulbophyllum insolitum',39),(15043,'obesa','','Euphorbia obesa',16),(15065,'rhizanthium','','Angraecum rhizanthium',31),(15067,'latifolium','','Eulophidium latifolium',57),(15068,'burttii','','Bulbophyllum burttii',39),(15075,'ketabrowniorum','','Aloe ketabrowniorum',22),(15078,'baronii','','Dalbergia baronii',17),(15083,'tridens','','Angraecopsis tridens',30),(15089,'woodii','','Habenaria woodii',64),(15090,'johannis','','Aloe johannis',22),(15097,'sandrangatense','','Bulbophyllum sandrangatense',39),(15106,'sechellarum','','Platylepis sechellarum',91),(15125,'oberonia','','Angraecum oberonia',31),(15133,'erectum','','Angraecum erectum',31),(15142,'longicaudata','','Rangaeris longicaudata',95),(15146,'cataractarum','','Euphorbia cataractarum',16),(15156,'discilabium','','Bulbophyllum discilabium',39),(15180,'dispersa','','Euphorbia dispersa',16),(15187,'baylissii','','Euphorbia baylissii',16),(15196,'aurantiacum','','Ossiculum aurantiacum',85),(15212,'platypodum','','Bulbophyllum platypodum',39),(15220,'pulchella','','Bonatea pulchella',37),(15221,'subenervis','','Diospyros subenervis',15),(15227,'tenuifolia','','Disa tenuifolia',53),(15232,'linguiformis','','Habenaria linguiformis',64),(15236,'dichroa','','Disa dichroa',53),(15240,'piscidermis','','Euphorbia piscidermis',16),(15246,'pseudohydra','','Chaseella pseudohydra',44),(15250,'bertemariae','','Aloe bertemariae',22),(15252,'richardsiae','','Euphorbia richardsiae',16),(15270,'cupulifera','','Diospyros cupulifera',15),(15279,'sphaerosepala','','Diospyros sphaerosepala',15),(15290,'angularis','','Euphorbia angularis',16),(15300,'colliculina','','Euphorbia colliculina',16),(15303,'geniculata','','Polystachya geniculata',92),(15306,'mirabilis','','Welwitschia mirabilis',125),(15307,'perrieri','','Diospyros perrieri',15),(15316,'cactus','','Euphorbia cactus',16),(15321,'albida','','Alsophila albida',7),(15323,'greatheadii','','Aloe greatheadii',22),(15327,'lignosa','','Euphorbia lignosa',16),(15329,'genoudiana','','Euphorbia genoudiana',16),(15339,'quercina','','Diospyros quercina',15),(15341,'reitzii','','Aloe reitzii',22),(15344,'dregeana','','Euphorbia dregeana',16),(15359,'popowii','','Angraecum popowii',31),(15376,'aviceps','','Angraecum aviceps',31),(15377,'dendroides','','Euphorbia dendroides',16),(15381,'forficaria','','Herschelianthe forficaria',66),(15393,'stachyoides','','Disa stachyoides',53),(15394,'verruculiferum','','Bulbophyllum verruculiferum',39),(15398,'harlana','','Aloe harlana',22),(15406,'similis','','Disa similis',53),(15419,'mangelsdorffii','','Euphorbia mangelsdorffii',16),(15424,'whitelockii','','Encephalartos whitelockii',126),(15430,'tsiandalana','','Dalbergia tsiandalana',17),(15442,'rhynchoglossum','','Angraecum rhynchoglossum',31),(15444,'fissispina','','Euphorbia fissispina',16),(15450,'tenuispica','','Angraecum tenuispica',31),(15454,'trilineatum','','Bulbophyllum trilineatum',39),(15459,'macella','','Euphorbia macella',16),(15461,'ligulata','','Alsophila ligulata',7),(15464,'andohahelense','','Bulbophyllum andohahelense',39),(15475,'rigida','','Acampe rigida',25),(15481,'dumeticola','','Euphorbia dumeticola',16),(15482,'sanguineum','','Bulbophyllum sanguineum',39),(15485,'mosaica','','Euphorbia mosaica',16),(15488,'fianarantsoae','','Euphorbia fianarantsoae',16),(15496,'viguieri','','Aloe viguieri',22),(15498,'lokohensis','','Diospyros lokohensis',15),(15499,'excelsa','','Aloe excelsa',22),(15502,'namoronae','','Bulbophyllum namoronae',39),(15503,'tenuicornis','','Disa tenuicornis',53),(15512,'martinae','','Euphorbia martinae',16),(15515,'contorta','','Euphorbia contorta',16),(15522,'suppressa','','Euphorbia suppressa',16),(15538,'ellisii','','Grammangis ellisii',62),(15539,'leontopoda','','Euphorbia leontopoda',16),(15544,'maitlandii','','Habenaria maitlandii',64),(15545,'perreticulata','','Diospyros perreticulata',15),(15547,'antso','','Euphorbia antso',16),(15556,'gilbertii','','Aloe gilbertii',22),(15561,'calvum','','Bulbophyllum calvum',39),(15573,'helenae','','Aloe helenae',22),(15576,'quadrialatum','','Bulbophyllum quadrialatum',39),(15584,'steffanieana','','Aloe steffanieana',22),(15590,'olacinoides','','Diospyros olacinoides',15),(15592,'pterophyllum','','Angraecum pterophyllum',31),(15594,'johannis','','Euphorbia johannis',16),(15595,'maculata','','Disa maculata',53),(15597,'clarkei','','Aloe clarkei',22),(15600,'graciliramea','','Euphorbia graciliramea',16),(15603,'didieri','','Angraecum didieri',31),(15609,'petricola','','Aloe petricola',22),(15615,'meyeri','','Aloe meyeri',22),(15620,'tysonii','','Disa tysonii',53),(15625,'stellulifera','','Uncarina stellulifera',117),(15629,'humblottii','','Bulbophyllum humblottii',39),(15632,'villosus','','Encephalartos villosus',126),(15634,'commersonii','','Bulbophyllum commersonii',39),(15639,'trichosantha','','Aloe trichosantha',22),(15641,'sinuatiflorum','','Angraecum sinuatiflorum',31),(15644,'implexicalyx','','Diospyros implexicalyx',15),(15649,'nubimontanus','','Encephalartos nubimontanus',126),(15654,'ferox','','Encephalartos ferox',126),(15655,'chimanimaniense','','Angraecum chimanimaniense',31),(15662,'ankeranense','','Angraecum ankeranense',31),(15666,'etuberculosa','','Euphorbia etuberculosa',16),(15672,'platyrrhiza','','Euphorbia platyrrhiza',16),(15685,'sakarahensis','','Aloe sakarahensis',22),(15693,'laxa','','Polystachya laxa',92),(15694,'leachii','','Eulophia leachii',56),(15695,'iharanae','','Euphorbia iharanae',16),(15704,'complanatum','','Bulbophyllum complanatum',39),(15705,'fouriei','','Aloe fouriei',22),(15706,'grata','','Aloe grata',22),(15721,'acutebracteatum','','Bulbophyllum acutebracteatum',39),(15722,'renschiana','','Nervilia renschiana',78),(15726,'etheliae','','Bartholina etheliae',34),(15730,'quadrangularis','','Euphorbia quadrangularis',16),(15734,'songweana','','Euphorbia songweana',16),(15742,'dregei','','Alsophila dregei',7),(15745,'geayi','','Alluaudia geayi',11),(15749,'nesemannii','','Euphorbia nesemannii',16),(15752,'luteo-alba','','Aerangis luteo-alba',27),(15758,'haplostylis','','Diospyros haplostylis',15),(15759,'zuluensis','','Polystachya zuluensis',92),(15768,'nitens','','Bulbophyllum nitens',39),(15772,'retrospiciens','','Aloe retrospiciens',22),(15775,'labworana','','Aloe labworana',22),(15783,'persistentifolia','','Euphorbia persistentifolia',16),(15787,'hildebrandtii','','Aloe hildebrandtii',22),(15807,'sciaphile','','Bulbophyllum sciaphile',39),(15808,'calamiformis','','Euphorbia calamiformis',16),(15814,'gueinzii','','Euphorbia gueinzii',16),(15816,'viguieri','','Euphorbia viguieri',16),(15819,'bolusii','','Euphorbia bolusii',16),(15830,'lagosensis','','Tridactyle lagosensis',105),(15833,'tuberosa','','Euphorbia tuberosa',16),(15836,'lemaireana','','Euphorbia lemaireana',16),(15839,'citrata','','Aerangis citrata',27),(15843,'stolonifera','','Euphorbia stolonifera',16),(15859,'ambatoavense','','Bulbophyllum ambatoavense',39),(15862,'somalense','','Cyclamen somalense',120),(15866,'astrophora','','Euphorbia astrophora',16),(15873,'ridleyi','','Polystachya ridleyi',92),(15886,'somaliensis','','Aloe somaliensis',22),(15895,'lakatoense','','Bulbophyllum lakatoense',39),(15896,'macrostachya','','Monadenia macrostachya',75),(15900,'humbertii','','Angraecum humbertii',31),(15907,'lecomtei','','Angraecum lecomtei',31),(15926,'prostrata','','Euphorbia prostrata',16),(15927,'juttae','','Euphorbia juttae',16),(15930,'humbertii','','Bulbophyllum humbertii',39),(15947,'erinacea','','Diospyros erinacea',15),(15952,'bodkinii','','Disa bodkinii',53),(15956,'barberae','','Aloe barberae',22),(15965,'tridentata','','Tridactyle tridentata',105),(15969,'cyrtophylla','','Aloe cyrtophylla',22),(15970,'hubertii','','Euphorbia hubertii',16),(15982,'sechellarum','','Alsophila sechellarum',7),(15989,'bicalcarata','','Polystachya bicalcarata',92),(15990,'boissieri','','Euphorbia boissieri',16),(15993,'grandidens','','Euphorbia grandidens',16),(16002,'confusa','','Aerangis confusa',27),(16015,'ciliatilabrum','','Bulbophyllum ciliatilabrum',39),(16017,'nigrispinoides','','Euphorbia nigrispinoides',16),(16038,'orientalis','','Aloe orientalis',22),(16046,'barteri','','Encephalartos barteri',126),(16050,'multiflorum','','Bulbophyllum multiflorum',39),(16080,'aristata','','Aloe aristata',22),(16108,'banae','','Euphorbia banae',16),(16112,'ingeanum','','Corycium ingeanum',46),(16113,'scyphadena','','Euphorbia scyphadena',16),(16130,'trichochlamys','','Bulbophyllum trichochlamys',39),(16155,'seychellarum','','Malaxis seychellarum',71),(16162,'angustipetalum','','Angraecum angustipetalum',31),(16166,'viridiflora','','Aloe viridiflora',22),(16168,'mudenensis','','Aloe mudenensis',22),(16169,'turbiniformis','','Euphorbia turbiniformis',16),(16171,'subaequalis','','Habenaria subaequalis',64),(16172,'vescoi','','Diospyros vescoi',15),(16180,'gabonensis','','Diceratostele gabonensis',51),(16186,'parviceps','','Euphorbia parviceps',16),(16189,'laticalcar','','Diaphananthe laticalcar',50),(16192,'boinensis','','Diospyros boinensis',15),(16193,'pachychila','','Polystachya pachychila',92),(16214,'pachysantha','','Euphorbia pachysantha',16),(16219,'multifida','','Euphorbia multifida',16),(16224,'macrotidion','','Habenaria macrotidion',64),(16230,'pervillei','','Bulbophyllum pervillei',39),(16231,'chrysostachya','','Disa chrysostachya',53),(16238,'monticola','','Dalbergia monticola',17),(16251,'curvifolium','','Bulbophyllum curvifolium',39),(16272,'saltatorium','','Bulbophyllum saltatorium',39),(16273,'bicaudata','','Tridactyle bicaudata',105),(16280,'barbata','','Herschelianthe barbata',66),(16283,'cooperi','','Sphaeropteris cooperi',9),(16290,'mundtii','','Euphorbia mundtii',16),(16294,'delphinensis','','Dalbergia delphinensis',17),(16295,'pervillei','','Nepenthes pervillei',24),(16302,'ecklonis','','Aloe ecklonis',22),(16314,'minutissimum','','Angraecum minutissimum',31),(16316,'corniculata','','Euphorbia corniculata',16),(16318,'obscuriflorum','','Bulbophyllum obscuriflorum',39),(16321,'otjipembana','','Euphorbia otjipembana',16),(16326,'ebenifera','','Diospyros ebenifera',15),(16329,'bicolor','','Habenaria bicolor',64),(16343,'crocea','','Platycoryne crocea',90),(16347,'macrostrobilus','','Encephalartos macrostrobilus',126),(16350,'pseudoglobosa','','Euphorbia pseudoglobosa',16),(16355,'resinifera','','Euphorbia resinifera',16),(16360,'danielae','','Disa danielae',53),(16361,'alleizettei','','Bulbophyllum alleizettei',39),(16376,'annamarieae','','Euphorbia annamarieae',16),(16377,'florulentum','','Angraecum florulentum',31),(16382,'brachyphylla','','Euphorbia brachyphylla',16),(16385,'decipiens','','Angraecum decipiens',31),(16399,'eilensis','','Euphorbia eilensis',16),(16405,'ruffingiana','','Aloe ruffingiana',22),(16406,'musapana','','Aloe musapana',22),(16414,'melanoxylon','','Dalbergia melanoxylon',17),(16422,'bitataensis','','Euphorbia bitataensis',16),(16430,'parallelifolia','','Aloe parallelifolia',22),(16441,'zeylanicum','','Angraecum zeylanicum',31),(16442,'grisea','','Aloe grisea',22),(16446,'woodii','','Euphorbia woodii',16),(16458,'decaryi','','Operculicarya decaryi',2),(16463,'tirucalli','','Euphorbia tirucalli',16),(16468,'meloformis','','Euphorbia meloformis',16),(16473,'microrrhynchum','','Satyrium microrrhynchum',97),(16474,'thouarsii','','Diospyros thouarsii',15),(16479,'unicornis','','Euphorbia unicornis',16),(16481,'gautieri','','Dalbergia gautieri',17),(16483,'simulacrum','','Bulbophyllum simulacrum',39),(16501,'lindenii','','Aloe lindenii',22),(16502,'longicornu','','Holothrix longicornu',67),(16510,'plicatilis','','Aloe plicatilis',22),(16519,'lateritia','','Aloe lateritia',22),(16532,'teretifolium','','Angraecum teretifolium',31),(16543,'mananjarense','','Bulbophyllum mananjarense',39),(16549,'cocoinum','','Bulbophyllum cocoinum',39),(16551,'saxorum','','Euphorbia saxorum',16),(16552,'gravidum','','Bulbophyllum gravidum',39),(16554,'chermezoni','','Angraecum chermezoni',31),(16562,'rivae','','Euphorbia rivae',16),(16567,'phillipsioides','','Euphorbia phillipsioides',16),(16569,'polycephala','','Euphorbia polycephala',16),(16571,'boinensis','','Euphorbia boinensis',16),(16587,'didiereoides','','Euphorbia didiereoides',16),(16591,'bothae','','Euphorbia bothae',16),(16609,'kulalensis','','Aloe kulalensis',22),(16619,'teres','','Angraecum teres',31),(16626,'laikipiensis','','Euphorbia laikipiensis',16),(16631,'meridionalis','','Senna meridionalis',21),(16633,'hildebrandtii','','Dalbergia hildebrandtii',17),(16640,'modicum','','Angraecum modicum',31),(16643,'perparvulum','','Angraecum perparvulum',31),(16660,'buchlohii','','Aloe buchlohii',22),(16666,'restricta','','Euphorbia restricta',16),(16670,'kamponii','','Euphorbia kamponii',16),(16672,'lastii','','Alsophila lastii',7),(16690,'dolabriformis','','Angraecopsis dolabriformis',30),(16694,'sphaerobulbum','','Bulbophyllum sphaerobulbum',39),(16696,'humilior','','Habenaria humilior',64),(16700,'inculta','','Euphorbia inculta',16),(16732,'chaetopodum','','Angraecum chaetopodum',31),(16735,'chabaudii','','Aloe chabaudii',22),(16742,'pseudofilicornu','','Angraecum pseudofilicornu',31),(16744,'retrospina','','Euphorbia retrospina',16),(16752,'debile','','Bulbophyllum debile',39),(16754,'nigrititianum','','Bulbophyllum nigrititianum',39),(16757,'babatiensis','','Aloe babatiensis',22),(16762,'bulbicaulis','','Aloe bulbicaulis',22),(16763,'musculiferum','','Angraecum musculiferum',31),(16770,'tanaensis','','Euphorbia tanaensis',16),(16785,'menyharthii','','Aloe menyharthii',22),(16793,'gordonii','','Hoodia gordonii',3),(16807,'collina','','Aloe collina',22),(16814,'darianii','','Marojejya darianii',112),(16838,'auriflorum','','Bulbophyllum auriflorum',39),(16843,'primulina','','Aerangis primulina',27),(16869,'intertextum','','Bulbophyllum intertextum',39),(16878,'brevifolia','','Diaphananthe brevifolia',50),(16887,'memoralis','','Euphorbia memoralis',16),(16888,'thorncroftii','','Aloe thorncroftii',22),(16906,'dewinteri','','Aloe dewinteri',22),(16908,'compressicaule','','Angraecum compressicaule',31),(16909,'falcatum','','Bulbophyllum falcatum',39),(16911,'candida','','Calanthe candida',40),(16914,'robusta','','Disa robusta',53),(16923,'alfredii','','Euphorbia alfredii',16),(16924,'guerichiana','','Euphorbia guerichiana',16),(16940,'bwambensis','','Euphorbia bwambensis',16),(16949,'rienanense','','Bulbophyllum rienanense',39),(16950,'romana','','Dactylorhiza romana',48),(16952,'scitula','','Euphorbia scitula',16),(16966,'rosea','','Aloe rosea',22),(16969,'volkmanniae','','Euphorbia volkmanniae',16),(16980,'olaboensis','','Adenia olaboensis',116),(16987,'vesiculosa','','Habenaria vesiculosa',64),(16988,'farinosa','','Polystachya farinosa',92),(16990,'kirkii','','Alsophila kirkii',7),(17004,'grandialata','','Euphorbia grandialata',16),(17024,'lineata','','Aloe lineata',22),(17028,'torrei','','Aloe torrei',22),(17035,'lecouflei','','Bulbophyllum lecouflei',39),(17036,'ceriodorum','','Bulbophyllum ceriodorum',39),(17050,'lucidum','','Bulbophyllum lucidum',39),(17057,'amoena','','Disa amoena',53),(17059,'mangabensis','','Diospyros mangabensis',15),(17074,'lutea','','Sternbergia lutea',1),(17080,'decepta','','Euphorbia decepta',16),(17082,'occulta','','Dalbergia occulta',17),(17097,'caterviflora','','Euphorbia caterviflora',16),(17100,'rostratum','','Satyridium rostratum',96),(17101,'anisoloba','','Cynorkis anisoloba',128),(17105,'griseola','','Euphorbia griseola',16),(17114,'pumilio','','Angraecum pumilio',31),(17121,'maleolens','','Bulbophyllum maleolens',39),(17139,'monotropa','','Aloe monotropa',22),(17145,'clavatum','','Bulbophyllum clavatum',39),(17154,'ramiglans','','Euphorbia ramiglans',16),(17173,'gummifera','','Euphorbia gummifera',16),(17176,'pedilanthoides','','Euphorbia pedilanthoides',16),(17179,'prorepens','','Bulbophyllum prorepens',39),(17183,'bequaertii','','Habenaria bequaertii',64),(17192,'aequoris','','Euphorbia aequoris',16),(17193,'cameronii','','Aloe cameronii',22),(17204,'ankaizinense','','Bulbophyllum ankaizinense',39),(17207,'ochrostachya','','Disa ochrostachya',53),(17210,'singularis','','Habenaria singularis',64),(17211,'camperi','','Aloe camperi',22),(17214,'delucanus','','Encephalartos delucanus',126),(17216,'physodes','','Monadenia physodes',75),(17218,'pillansii','','Euphorbia pillansii',16),(17269,'densiflorum','','Pachypodium densiflorum',4),(17271,'massawana','','Aloe massawana',22),(17279,'quinquecostata','','Euphorbia quinquecostata',16),(17281,'beharensis','','Euphorbia beharensis',16),(17289,'recurvata','','Avonia recurvata',119),(17290,'ruschii','','Hoodia ruschii',3),(17312,'morio','','Anacamptis morio',29),(17314,'ligulifolia','','Polystachya ligulifolia',92),(17315,'horridulum','','Bulbophyllum horridulum',39),(17316,'tricuspidatum','','Corycium tricuspidatum',46),(17339,'rabaiensis','','Aloe rabaiensis',22),(17353,'colubrinum','','Bulbophyllum colubrinum',39),(17355,'bezofensis','','Diospyros bezofensis',15),(17363,'coursii','','Alsophila coursii',7),(17366,'caulescens','','Disa caulescens',53),(17367,'kirkii','','Aerangis kirkii',27),(17377,'tricuspis','','Tridactyle tricuspis',105),(17379,'stellata','','Euphorbia stellata',16),(17383,'bemarahaensis','','Euphorbia bemarahaensis',16),(17389,'marii','','Angraecum marii',31),(17414,'occultum','','Bulbophyllum occultum',39),(17427,'spartaria','','Euphorbia spartaria',16),(17430,'rossii','','Euphorbia rossii',16),(17436,'taruensis','','Euphorbia taruensis',16),(17449,'occlusa','','Diospyros occlusa',15),(17453,'sesquisectangulum','','Angraecum sesquisectangulum',31),(17462,'ornithopus','','Euphorbia ornithopus',16),(17467,'marlothii','','Anacampseros marlothii',118),(17481,'rivae','','Aloe rivae',22),(17486,'curnowianum','','Angraecum curnowianum',31),(17501,'triplicata','','Calanthe triplicata',40),(17502,'spicata','','Euphorbia spicata',16),(17510,'ferkoanum','','Angraecum ferkoanum',31),(17527,'cremnophila','','Aloe cremnophila',22),(17547,'bakeri','','Aloe bakeri',22),(17551,'reynoldsii','','Aloe reynoldsii',22),(17552,'similiramea','','Euphorbia similiramea',16),(17562,'metallicum','','Angraecum metallicum',31),(17563,'divaricata','','Aloe divaricata',22),(17575,'baronii','','Angraecum baronii',31),(17583,'bernieriana','','Diospyros bernieriana',15),(17587,'perreflexum','','Bulbophyllum perreflexum',39),(17594,'kisambo','','Encephalartos kisambo',126),(17597,'trichadenia','','Euphorbia trichadenia',16),(17623,'comptonii','','Aloe comptonii',22),(17635,'stricta','','Disa stricta',53),(17637,'arachnoides','','Anacampseros arachnoides',118),(17646,'flavidum','','Angraecum flavidum',31),(17658,'brevipetalum','','Bulbophyllum brevipetalum',39),(17663,'rauhii','','Aloe rauhii',22),(17671,'boiteaui','','Euphorbia boiteaui',16),(17676,'leandriana','','Euphorbia leandriana',16),(17684,'bariensis','','Euphorbia bariensis',16),(17689,'alleizettei','','Angraecum alleizettei',31),(17690,'ephedroides','','Euphorbia ephedroides',16),(17698,'kieneri','','Bulbophyllum kieneri',39),(17703,'elegans','','Aloe elegans',22),(17705,'kilifiensis','','Aloe kilifiensis',22),(17710,'elgonica','','Aloe elgonica',22),(17711,'basutorum','','Disa basutorum',53),(17712,'belavenokensis','','Aloe belavenokensis',22),(17717,'lamerei','','Pachypodium lamerei',4),(17722,'trigonantha','','Aloe trigonantha',22),(17726,'divaricatum','','Angraecum divaricatum',31),(17748,'draconis','','Disa draconis',53),(17750,'minax','','Bulbophyllum minax',39),(17759,'scottianum','','Angraecum scottianum',31),(17765,'eminens','','Aloe eminens',22),(17770,'scabrifolia','','Aloe scabrifolia',22),(17772,'galpinii','','Disa galpinii',53),(17798,'stelligera','','Aerangis stelligera',27),(17804,'brevicornu','','Angraecum brevicornu',31),(17812,'prismaticum','','Bulbophyllum prismaticum',39),(17829,'pubiglans','','Euphorbia pubiglans',16),(17832,'calidophila','','Aloe calidophila',22),(17844,'inermis','','Aloe inermis',22),(17849,'mildbraedii','','Alsophila mildbraedii',7),(17875,'litorale','','Angraecum litorale',31),(17911,'pachypodioides','','Euphorbia pachypodioides',16),(17916,'macowaniana','','Holothrix macowaniana',67),(17922,'caffra','','Disa caffra',53),(17928,'spicata','','Aloe spicata',22),(17938,'parvidens','','Aloe parvidens',22),(17940,'volkensiana','','Bonatea volkensiana',37),(17941,'sangae','','Bulbophyllum sangae',39),(17950,'variegata','','Aloe variegata',22),(17952,'marovoense','','Bulbophyllum marovoense',39),(17969,'ballii','','Aloe ballii',22),(17974,'galeata','','Polystachya galeata',92),(17975,'clivicola','','Euphorbia clivicola',16),(17976,'muscicolum','','Angraecum muscicolum',31),(17981,'anjozorobeense','','Bulbophyllum anjozorobeense',39),(17986,'ledienii','','Euphorbia ledienii',16),(17987,'ciliaris','','Aloe ciliaris',22),(18001,'marnieriana','','Alluaudiopsis marnieriana',12),(18003,'paulianii','','Euphorbia paulianii',16),(18007,'aconitoides','','Disa aconitoides',53),(18010,'fortuita','','Euphorbia fortuita',16),(18012,'obducta','','Diospyros obducta',15),(18014,'lanceolata','','Chamaeangis lanceolata',43),(18015,'gymnochiloides','','Cheirostylis gymnochiloides',45),(18027,'scullyi','','Disa scullyi',53),(18028,'hopetownensis','','Euphorbia hopetownensis',16),(18029,'keithii','','Aloe keithii',22),(18034,'multiligulatum','','Bulbophyllum multiligulatum',39),(18042,'decorsei','','Aloe decorsei',22),(18049,'mallei','','Avonia mallei',119),(18052,'clavarioides','','Euphorbia clavarioides',16),(18067,'lancifolia','','Habenaria lancifolia',64),(18086,'vulcanorum','','Bulbophyllum vulcanorum',39),(18088,'krausii','','Aloe krausii',22),(18090,'nigrispina','','Euphorbia nigrispina',16),(18091,'minutilabrum','','Bulbophyllum minutilabrum',39),(18096,'cannellii','','Aloe cannellii',22),(18099,'peckii','','Aloe peckii',22),(18110,'macropoda','','Polystachya macropoda',92),(18124,'keayi','','Habenaria keayi',64),(18131,'myriophylla','','Diospyros myriophylla',15),(18139,'ballyi','','Euphorbia ballyi',16),(18148,'basifoliata','','Brachycorythis basifoliata',38),(18155,'tetragona','','Euphorbia tetragona',16),(18159,'kalisana','','Euphorbia kalisana',16),(18166,'procera','','Alluaudia procera',11),(18170,'pseudobaronii','','Dalbergia pseudobaronii',17),(18176,'foliosa','','Orestias foliosa',84),(18179,'rubrispinosa','','Euphorbia rubrispinosa',16),(18180,'atrispina','','Euphorbia atrispina',16),(18188,'muirii','','Euphorbia muirii',16),(18194,'serpens','','Angraecum serpens',31),(18195,'ngoyanus','','Encephalartos ngoyanus',126),(18196,'polydactyla','','Diaphananthe polydactyla',50),(18207,'barbertoniae','','Aloe barbertoniae',22),(18208,'grandiflora','','Holothrix grandiflora',67),(18215,'subtenuicornis','','Disa subtenuicornis',53),(18222,'kraenzliniana','','Habenaria kraenzliniana',64),(18235,'rhodantha','','Disa rhodantha',53),(18239,'kaokoensis','','Euphorbia kaokoensis',16),(18240,'matabelensis','','Euphorbia matabelensis',16),(18246,'jaapii','','Bulbophyllum jaapii',39),(18248,'aurata','','Disa aurata',53),(18259,'verdickii','','Disa verdickii',53),(18260,'brevis','','Euphorbia brevis',16),(18261,'cryptospinosa','','Euphorbia cryptospinosa',16),(18275,'stylosa','','Aerangis stylosa',27),(18276,'katangensis','','Disa katangensis',53),(18283,'thomsonii','','Aerangis thomsonii',27),(18284,'sumati','','Euphorbia sumati',16),(18298,'camaridioides','','Polystachya camaridioides',92),(18308,'deltoideodonta','','Aloe deltoideodonta',22),(18311,'falcifolium','','Angraecum falcifolium',31),(18314,'rubrolabium','','Bulbophyllum rubrolabium',39),(18319,'suffulta','','Euphorbia suffulta',16),(18320,'ascendens','','Didierea ascendens',14),(18336,'ankaranensis','','Aloe ankaranensis',22),(18339,'elata','','Pericopsis elata',19),(18341,'laevifolius','','Encephalartos laevifolius',126),(18344,'concinna','','Disperis concinna',54),(18354,'nutans','','Bulbophyllum nutans',39),(18359,'ferruginea','','Disa ferruginea',53),(18361,'esculenta','','Aloe esculenta',22),(18375,'rhodesica','','Avonia rhodesica',119),(18384,'umbonata','','Euphorbia umbonata',16),(18393,'nyikae','','Euphorbia nyikae',16),(18394,'arenicola','','Aloe arenicola',22),(18401,'burgersfortensis','','Aloe burgersfortensis',22),(18413,'bemarivensis','','Diospyros bemarivensis',15),(18414,'inconstantia','','Euphorbia inconstantia',16),(18416,'sambiranense','','Bulbophyllum sambiranense',39),(18431,'rungweensis','','Disa rungweensis',53),(18433,'alfredii','','Aloe alfredii',22),(18436,'squamosa','','Diospyros squamosa',15),(18437,'stenocarpa','','Diospyros stenocarpa',15),(18438,'mangokyensis','','Euphorbia mangokyensis',16),(18445,'cyrillei','','Aloe cyrillei',22),(18446,'peperomioides','','Stolzia peperomioides',103),(18461,'luapulana','','Euphorbia luapulana',16),(18463,'lenewtonii','','Euphorbia lenewtonii',16),(18471,'bueae','','Diaphananthe bueae',50),(18473,'welwitschii','','Disa welwitschii',53),(18480,'baeseckei','','Anacampseros baeseckei',118),(18491,'quadrata','','Euphorbia quadrata',16),(18501,'collum-cygni','','Aerangis collum-cygni',27),(18503,'letouzeyi','','Angraecum letouzeyi',31),(18504,'perpera','','Euphorbia perpera',16),(18514,'wilmaniae','','Euphorbia wilmaniae',16),(18517,'avasmontana','','Euphorbia avasmontana',16),(18520,'fiherenensis','','Euphorbia fiherenensis',16),(18522,'astroarche','','Angraecum astroarche',31),(18528,'polyacantha','','Euphorbia polyacantha',16),(18529,'occidentalis','','Aloe occidentalis',22),(18541,'parvulum','','Angraecum parvulum',31),(18547,'oreodorum','','Bulbophyllum oreodorum',39),(18548,'urschii','','Diospyros urschii',15),(18549,'gottlebei','','Euphorbia gottlebei',16),(18553,'vossii','','Aloe vossii',22),(18557,'tampoketsense','','Bulbophyllum tampoketsense',39),(18561,'aperta','','Disa aperta',53),(18569,'powysorum','','Encephalartos powysorum',126),(18570,'pulchra','','Disa pulchra',53),(18579,'letestui','','Euphorbia letestui',16),(18584,'albipollinifera','','Euphorbia albipollinifera',16),(18585,'gracilenta','','Liparis gracilenta',70),(18586,'zombitsiensis','','Aloe zombitsiensis',22),(18592,'perrieri','','Euphorbia perrieri',16),(18604,'crispa','','Euphorbia crispa',16),(18606,'forsythianum','','Bulbophyllum forsythianum',39),(18609,'pipio','','Bulbophyllum pipio',39),(18611,'cylindrica','','Euphorbia cylindrica',16),(18613,'tabularis','','Eulophia tabularis',56),(18619,'pleiopterum','','Bulbophyllum pleiopterum',39),(18633,'labatii','','Euphorbia labatii',16),(18641,'triaculeata','','Euphorbia triaculeata',16),(18670,'walleri','','Disa walleri',53),(18681,'pervillei','','Dalbergia pervillei',17),(18683,'silenifolia','','Euphorbia silenifolia',16),(18684,'cochlearis','','Disa cochlearis',53),(18686,'tuberculata','','Euphorbia tuberculata',16),(18716,'dorotheae','','Diaphananthe dorotheae',50),(18718,'megalacantha','','Aloe megalacantha',22),(18720,'gerrardii','','Schizochilus gerrardii',98),(18733,'xerophila','','Dalbergia xerophila',17),(18738,'vestitum','','Corycium vestitum',46),(18749,'heterospina','','Euphorbia heterospina',16),(18750,'jumellanum','','Bulbophyllum jumellanum',39),(18753,'caulescens','','Angraecum caulescens',31),(18766,'monticola','','Aloe monticola',22),(18772,'madagascariensis','','Beccariophoenix madagascariensis',108),(18779,'nubigena','','Aloe nubigena',22),(18792,'heterosepala','','Diospyros heterosepala',15),(18798,'complexa','','Euphorbia complexa',16),(18801,'gabonensis','','Chamaeangis gabonensis',43),(18814,'argenticauda','','Aloe argenticauda',22),(18816,'sapinii','','Euphorbia sapinii',16),(18821,'plenispina','','Euphorbia plenispina',16),(18824,'aemulans','','Encephalartos aemulans',126),(18825,'africanum','','Cyclamen africanum',120),(18841,'aculeata','','Diospyros aculeata',15),(18844,'richardsiae','','Aloe richardsiae',22),(18846,'rhodesiana','','Aloe rhodesiana',22),(18854,'leonis','','Angraecum leonis',31),(18865,'longifolia','','Stenoglottis longifolia',102),(18866,'namaquanum','','Pachypodium namaquanum',4),(18878,'bussei','','Euphorbia bussei',16),(18882,'subligaculiferum','','Bulbophyllum subligaculiferum',39),(18885,'pedemontana','','Euphorbia pedemontana',16),(18889,'quadrialata','','Euphorbia quadrialata',16),(18904,'bancoense','','Angraecum bancoense',31),(18908,'petricola','','Euphorbia petricola',16),(18916,'razafindratsirae','','Euphorbia razafindratsirae',16),(18922,'micrantha','','Acrolophia micrantha',26),(18929,'dolichoceras','','Euphorbia dolichoceras',16),(18933,'limpopoana','','Euphorbia limpopoana',16),(18939,'evansii','','Euphorbia evansii',16),(18942,'sesquipedale','','Angraecum sesquipedale',31),(18963,'appressa','','Pachites appressa',86),(18992,'muricata','','Euphorbia muricata',16),(18996,'breviloba','','Disperis breviloba',54),(18999,'caloderma','','Euphorbia caloderma',16),(19000,'crumenatum','','Dendrobium crumenatum',49),(19010,'grandiflora','','Platycoryne grandiflora',90),(19016,'costatum','','Angraecum costatum',31),(19018,'biloba','','Aerangis biloba',27),(19024,'lehmannii','','Encephalartos lehmannii',126),(19027,'cooperi','','Euphorbia cooperi',16),(19032,'vestitum','','Bulbophyllum vestitum',39),(19033,'marlothiana','','Euphorbia marlothiana',16),(19035,'menabeum','','Pachypodium menabeum',4),(19044,'conspicua','','Euphorbia conspicua',16),(19051,'angustissima','','Habenaria angustissima',64),(19052,'damarana','','Euphorbia damarana',16),(19057,'diolii','','Aloe diolii',22),(19069,'erythrophylla','','Aloe erythrophylla',22),(19070,'ruginosum','','Bulbophyllum ruginosum',39),(19074,'alinae','','Bulbophyllum alinae',39),(19076,'affine','','Angraecum affine',31),(19082,'baccifera','','Rhipsalis baccifera',5),(19091,'tenuispinosa','','Euphorbia tenuispinosa',16),(19106,'lineariligulatum','','Bulbophyllum lineariligulatum',39),(19109,'quartziticola','','Euphorbia quartziticola',16),(19114,'hofstaetteri','','Euphorbia hofstaetteri',16),(19115,'meridionalis','','Euphorbia meridionalis',16),(19119,'ampullaceum','','Angraecum ampullaceum',31),(19120,'rubiginosa','','Evotella rubiginosa',59),(19126,'filicornis','','Holothrix filicornis',67),(19134,'calcairophila','','Aloe calcairophila',22),(19147,'alexandrae','','Bulbophyllum alexandrae',39),(19168,'trichoplectron','','Angraecum trichoplectron',31),(19174,'hazomainty','','Diospyros hazomainty',15),(19186,'brachystachys','','Aloe brachystachys',22),(19196,'gossypina','','Euphorbia gossypina',16),(19199,'andongensis','','Aloe andongensis',22),(19211,'brunneostriata','','Aloe brunneostriata',22),(19216,'viride','','Angraecum viride',31),(19220,'polyphylla','','Aloe polyphylla',22),(19221,'glaucocarpa','','Dalbergia glaucocarpa',17),(19247,'pretoriensis','','Aloe pretoriensis',22),(19248,'ambovombensis','','Euphorbia ambovombensis',16),(19249,'namibensis','','Aloe namibensis',22),(19253,'lividiflora','','Euphorbia lividiflora',16),(19259,'bollei','','Nervilia bollei',78),(19261,'bruynsii','','Aloe bruynsii',22),(19271,'perrieriana','','Alsophila perrieriana',7),(19274,'negromontana','','Euphorbia negromontana',16),(19285,'triangulifolium','','Angraecum triangulifolium',31),(19291,'suffulta','','Aloe suffulta',22),(19301,'immersa','','Euphorbia immersa',16),(19302,'tormentorii','','Aloe tormentorii',22),(19306,'gentilii','','Tridactyle gentilii',105),(19308,'tenellum','','Angraecum tenellum',31),(19310,'bellatula','','Aloe bellatula',22),(19315,'guillauminiana','','Euphorbia guillauminiana',16),(19327,'leandrianum','','Bulbophyllum leandrianum',39),(19339,'buchananii','','Aloe buchananii',22),(19353,'thompsonii','','Bulbophyllum thompsonii',39),(19368,'katangensis','','Habenaria katangensis',64),(19371,'calantha','','Aerangis calantha',27),(19374,'ambigens','','Aloe ambigens',22),(19375,'amoenum','','Bulbophyllum amoenum',39),(19399,'verruculosa','','Euphorbia verruculosa',16),(19401,'fayi','','Bulbophyllum fayi',39),(19402,'mixta','','Euphorbia mixta',16),(19403,'horizontale','','Bulbophyllum horizontale',39),(19407,'umfoloziensis','','Euphorbia umfoloziensis',16),(19409,'volkensii','','Aloe volkensii',22),(19415,'arborescens','','Aloe arborescens',22),(19426,'robusta','','Sobennikoffia robusta',100),(19455,'jacksonii','','Aloe jacksonii',22),(19468,'princeps','','Satyrium princeps',97),(19492,'esterhuyseniae','','Disa esterhuyseniae',53),(19499,'paedogona','','Aloe paedogona',22),(19507,'haworthioides','','Aloe haworthioides',22),(19524,'secundiflora','','Aloe secundiflora',22),(19529,'angrae','','Euphorbia angrae',16),(19531,'humbertii','','Dalbergia humbertii',17),(19551,'kouebokkeveldensis','','Aloe kouebokkeveldensis',22),(19558,'lemurense','','Bulbophyllum lemurense',39),(19563,'magdalenae','','Angraecum magdalenae',31),(19564,'dasycarpum','','Angraecum dasycarpum',31),(19565,'verecunda','','Aloe verecunda',22),(19572,'pulcherrima','','Aloe pulcherrima',22),(19574,'parvifolia','','Diospyros parvifolia',15),(19576,'gabonense','','Angraecum gabonense',31),(19581,'zoutpansbergensis','','Euphorbia zoutpansbergensis',16),(19582,'ciliata','','Neobolusia ciliata',77),(19587,'subclavatum','','Bulbophyllum subclavatum',39),(19600,'zimbabweensis','','Disa zimbabweensis',53),(19601,'adigratana','','Aloe adigratana',22),(19605,'arida','','Disa arida',53),(19607,'sanguinea','','Disa sanguinea',53),(19619,'inornata','','Euphorbia inornata',16),(19633,'baioensis','','Euphorbia baioensis',16),(19656,'opuntioides','','Euphorbia opuntioides',16),(19660,'rupicola','','Aloe rupicola',22),(19690,'arida','','Euphorbia arida',16),(19691,'petrophila','','Aloe petrophila',22),(19696,'pallida','','Aerangis pallida',27),(19701,'conica','','Brachycorythis conica',38),(19702,'tetracantha','','Euphorbia tetracantha',16),(19712,'brevicalcarata','','Tridactyle brevicalcarata',105),(19719,'dumosa','','Alluaudia dumosa',11),(19721,'maculomarronina','','Disa maculomarronina',53),(19728,'mitriformis','','Euphorbia mitriformis',16),(19734,'rutenbergianum','','Pachypodium rutenbergianum',4),(19738,'leuconeura','','Euphorbia leuconeura',16),(19740,'baroniana','','Diospyros baroniana',15),(19758,'pallens','','Bulbophyllum pallens',39),(19775,'brachycarpa','','Aerangis brachycarpa',27),(19782,'lineata','','Disa lineata',53),(19798,'approximatum','','Bulbophyllum approximatum',39),(19800,'kupense','','Bulbophyllum kupense',39),(19801,'laeta','','Aloe laeta',22),(19804,'kupensis','','Polystachya kupensis',92),(19805,'morijensis','','Aloe morijensis',22),(19808,'vandermerwei','','Euphorbia vandermerwei',16),(19812,'divitiflora','','Diaphananthe divitiflora',50),(19819,'elephantinum','','Angraecum elephantinum',31),(19828,'versicolor','','Disa versicolor',53),(19829,'gracile','','Bulbophyllum gracile',39),(19831,'francoisii','','Euphorbia francoisii',16),(19836,'tetracanthoides','','Euphorbia tetracanthoides',16),(19847,'albertensis','','Euphorbia albertensis',16),(19855,'micracantha','','Aloe micracantha',22),(19863,'graniticola','','Euphorbia graniticola',16),(19865,'mirabile','','Angraecum mirabile',31),(19874,'ellenbeckii','','Aloe ellenbeckii',22),(19884,'aphylla','','Solenangis aphylla',101),(19903,'angustiflora','','Euphorbia angustiflora',16),(19905,'prinslooi','','Aloe prinslooi',22),(19915,'tweediae','','Aloe tweediae',22),(19918,'oertlei','','Bulbophyllum oertlei',39),(19922,'densum','','Bulbophyllum densum',39),(19931,'kefaensis','','Aloe kefaensis',22),(19936,'asperifolia','','Aloe asperifolia',22),(19952,'majubensis','','Holothrix majubensis',67),(19976,'sepulta','','Euphorbia sepulta',16),(19993,'tubiglans','','Euphorbia tubiglans',16),(20015,'approximata','','Alsophila approximata',7),(20016,'adjurana','','Euphorbia adjurana',16),(20028,'calyptropus','','Bulbophyllum calyptropus',39),(20030,'equatorialis','','Encephalartos equatorialis',126),(20031,'eminii','','Disa eminii',53),(20045,'vthii','','Bulbophyllum vthii',39),(20048,'longifolius','','Encephalartos longifolius',126),(20051,'biaculeata','','Euphorbia biaculeata',16),(20056,'baronii','','Bulbophyllum baronii',39),(20065,'lepida','','Aloe lepida',22),(20078,'abyssinica','','Euphorbia abyssinica',16),(20103,'pygmaea','','Monadenia pygmaea',75),(20112,'transvenosus','','Encephalartos transvenosus',126),(20125,'kamerunica','','Euphorbia kamerunica',16),(20136,'relictus','','Encephalartos relictus',126),(20140,'knuthii','','Euphorbia knuthii',16),(20152,'horwoodii','','Euphorbia horwoodii',16),(20155,'socialis','','Aloe socialis',22),(20168,'pilosa','','Holothrix pilosa',67),(20182,'pseudoparvula','','Aloe pseudoparvula',22),(20186,'clavatum','','Centrostigma clavatum',41),(20188,'spiculata','','Aerangis spiculata',27),(20193,'aristata','','Disa aristata',53),(20195,'williamsonii','','Habenaria williamsonii',64),(20206,'hircicornis','','Disa hircicornis',53),(20208,'modesta','','Aloe modesta',22),(20218,'suzannae-marnierae','','Euphorbia suzannae-marnierae',16),(20236,'manongarivensis','','Dalbergia manongarivensis',17),(20247,'divaricatum','','Bulbophyllum divaricatum',39),(20257,'littoralis','','Aloe littoralis',22),(20260,'thomensis','','Chamaeangis thomensis',43),(20266,'perrieri','','Bulbophyllum perrieri',39),(20267,'ampliphylla','','Euphorbia ampliphylla',16),(20268,'pentherianum','','Pterygodium pentherianum',94),(20280,'muticum','','Satyrium muticum',97),(20290,'suzannae','','Aloe suzannae',22),(20298,'rutenbergianum','','Angraecum rutenbergianum',31),(20299,'ascendens','','Alluaudia ascendens',11),(20300,'infundibulare','','Angraecum infundibulare',31),(20307,'elliotii','','Angraecum elliotii',31),(20309,'zuluensis','','Disa zuluensis',53),(20318,'mwinilungensis','','Euphorbia mwinilungensis',16),(20320,'villosus','','Phaius villosus',87),(20324,'micropetala','','Genyorchis micropetala',61),(20328,'ballyi','','Aloe ballyi',22),(20329,'reflexiflorum','','Bulbophyllum reflexiflorum',39),(20330,'scobinifolia','','Aloe scobinifolia',22),(20331,'velutipes','','Diospyros velutipes',15),(20339,'lavrani','','Euphorbia lavrani',16),(20345,'prionocraspedon','','Habenaria prionocraspedon',64),(20349,'chlorantha','','Aloe chlorantha',22),(20352,'modesta','','Aerangis modesta',27),(20374,'officinarum','','Euphorbia officinarum',16),(20378,'gratus','','Encephalartos gratus',126),(20382,'lyperostachyum','','Bulbophyllum lyperostachyum',39),(20385,'francombei','','Aloe francombei',22),(20386,'ankazobensis','','Euphorbia ankazobensis',16),(20387,'thomana','','Habenaria thomana',64),(20391,'pendulum','','Bulbophyllum pendulum',39),(20394,'meleagris','','Eulophia meleagris',56),(20397,'subsessile','','Bulbophyllum subsessile',39),(20402,'speciosa','','Euphorbia speciosa',16),(20403,'danguyanum','','Angraecum danguyanum',31),(20419,'procera','','Aloe procera',22),(20422,'ballardii','','Alsophila ballardii',7),(20425,'masaolensis','','Nepenthes masaolensis',24),(20432,'henrici','','Bulbophyllum henrici',39),(20433,'strangulata','','Euphorbia strangulata',16),(20439,'aubrevillei','','Bulbophyllum aubrevillei',39),(20445,'longicaule','','Angraecum longicaule',31),(20447,'madagascariense','','Angraecum madagascariense',31),(20449,'neoperrieri','','Dalbergia neoperrieri',17),(20456,'andapensis','','Dalbergia andapensis',17),(20464,'quinaria','','Avonia quinaria',119),(20468,'teke','','Euphorbia teke',16),(20469,'leistneri','','Euphorbia leistneri',16),(20476,'viguieri','','Dalbergia viguieri',17),(20478,'cinnamomoides','','Diospyros cinnamomoides',15),(20488,'pallida','','Ophrys pallida',82),(20491,'humbertiana','','Alsophila humbertiana',7),(20494,'retusa','','Anacampseros retusa',118),(20502,'umfoloziensis','','Aloe umfoloziensis',22),(20508,'propagulifera','','Aloe propagulifera',22),(20515,'persicum','','Cyclamen persicum',120),(20517,'scandens','','Hederorkis scandens',65),(20520,'rauhii','','Pachypodium rauhii',4),(20526,'lophogona','','Euphorbia lophogona',16),(20540,'tanzaniana','','Alsophila tanzaniana',7),(20552,'plagiantha','','Euphorbia plagiantha',16),(20565,'planiceps','','Euphorbia planiceps',16),(20568,'suaresensis','','Dalbergia suaresensis',17),(20577,'crassipetalum','','Bulbophyllum crassipetalum',39),(20581,'semperflorens','','Euphorbia semperflorens',16),(20583,'carunculifera','','Euphorbia carunculifera',16),(20588,'bubalinus','','Encephalartos bubalinus',126),(20591,'caerulescens','','Euphorbia caerulescens',16),(20595,'cheranganiensis','','Aloe cheranganiensis',22),(20598,'muscicola','','Rangaeris muscicola',95),(20625,'reptans','','Euphorbia reptans',16),(20628,'neglecta','','Disa neglecta',53),(20631,'betsileensis','','Aloe betsileensis',22),(20643,'eustacei','','Euphorbia eustacei',16),(20645,'coriscense','','Bulbophyllum coriscense',39),(20650,'mollis','','Dalbergia mollis',17),(20651,'cochlearis','','Acrolophia cochlearis',26),(20660,'cameronii','','Euphorbia cameronii',16),(20675,'neohumbertii','','Euphorbia neohumbertii',16),(20679,'crassicornis','','Disa crassicornis',53),(20688,'ericetorum','','Aloe ericetorum',22),(20697,'cooperi','','Disa cooperi',53),(20701,'chimanimaniensis','','Encephalartos chimanimaniensis',126),(20718,'pictifolia','','Aloe pictifolia',22),(20739,'pruinosa','','Aloe pruinosa',22),(20743,'striatula','','Aloe striatula',22),(20745,'baga','','Euphorbia baga',16),(20750,'nivea','','Disa nivea',53),(20751,'mahafalensis','','Euphorbia mahafalensis',16),(20790,'ankoberensis','','Aloe ankoberensis',22),(20801,'sagittata','','Jumellea sagittata',69),(20805,'celata','','Disa celata',53),(20808,'mossambicensis','','Alsophila mossambicensis',7),(20810,'percrassa','','Aloe percrassa',22),(20812,'sudanica','','Euphorbia sudanica',16),(20815,'reclinata','','Euphorbia reclinata',16),(20824,'intermedia','','Disa intermedia',53),(20828,'pectinatum','','Angraecum pectinatum',31),(20839,'kraenzlinianum','','Angraecum kraenzlinianum',31),(20847,'parvum','','Bulbophyllum parvum',39),(20850,'tenuis','','Disa tenuis',53),(20857,'uncinata','','Disa uncinata',53),(20861,'orientalis','','Dalbergia orientalis',17),(20863,'caerulans','','Euphorbia caerulans',16),(20866,'braunsii','','Euphorbia braunsii',16),(20868,'namibensis','','Euphorbia namibensis',16),(20870,'richardiana','','Disa richardiana',53),(20874,'distans','','Pteroglossaspis distans',93),(20879,'baronii','','Pachypodium baronii',4),(20893,'decrescens','','Alsophila decrescens',7),(20894,'blepharochilum','','Bulbophyllum blepharochilum',39),(20895,'ambongense','','Pachypodium ambongense',4),(20900,'afzelii','','Bulbophyllum afzelii',39),(20902,'vaginata','','Disa vaginata',53),(20906,'lichenophylax','','Bulbophyllum lichenophylax',39),(20909,'cerinus','','Encephalartos cerinus',126),(20915,'dyerianus','','Encephalartos dyerianus',126),(20916,'huntleyoides','','Angraecum huntleyoides',31),(20918,'stellispina','','Euphorbia stellispina',16),(20956,'litoralis','','Eulophia litoralis',56),(20965,'lindiana','','Eulophia lindiana',56),(20972,'forcipata','','Herschelianthe forcipata',66),(20984,'greveana','','Dalbergia greveana',17),(20992,'molossus','','Bulbophyllum molossus',39),(20993,'tenella','','Disa tenella',53),(20994,'implicatum','','Angraecum implicatum',31),(20997,'latifrons','','Encephalartos latifrons',126),(21004,'welwitschii','','Alsophila welwitschii',7),(21007,'africana','','Ansellia africana',32),(21011,'wildii','','Euphorbia wildii',16),(21015,'ferox','','Euphorbia ferox',16),(21019,'woodii','','Disa woodii',53),(21022,'subulatum','','Angraecum subulatum',31),(21025,'hirticalyx','','Dalbergia hirticalyx',17),(21036,'ferrea','','Diospyros ferrea',15),(21042,'racemosa','','Disa racemosa',53),(21044,'decidua','','Euphorbia decidua',16),(21052,'patentispina','','Euphorbia patentispina',16),(21066,'septentrionalis','','Encephalartos septentrionalis',126),(21072,'thouarsii','','Cycas thouarsii',10),(21105,'atroflora','','Euphorbia atroflora',16),(21106,'triebneri','','Hoodia triebneri',3),(21115,'africana','','Gastrodia africana',60),(21120,'christianii','','Aloe christianii',22),(21126,'humbertii','','Alluaudia humbertii',11),(21130,'batesii','','Habenaria batesii',64),(21141,'inopinus','','Encephalartos inopinus',126),(21142,'lizae','','Bulbophyllum lizae',39),(21145,'pentops','','Euphorbia pentops',16),(21156,'macrantha','','Genyorchis macrantha',61),(21163,'subsessilifolia','','Diospyros subsessilifolia',15),(21171,'bodkinii','','Disperis bodkinii',54),(21173,'lisowskianum','','Angraecum lisowskianum',31),(21176,'aplanatus','','Encephalartos aplanatus',126),(21180,'lancisepalum','','Bulbophyllum lancisepalum',39),(21181,'wilsonii','','Aloe wilsonii',22),(21187,'holubii','','Eulophia holubii',56),(21191,'saundersiae','','Bonatea saundersiae',37),(21192,'compacta','','Cynorkis compacta',128),(21205,'longifolia','','Disa longifolia',53),(21208,'lemuraeoides','','Bulbophyllum lemuraeoides',39),(21214,'ornithantha','','Disa ornithantha',53),(21219,'bicoloratum','','Bulbophyllum bicoloratum',39),(21222,'delphinensis','','Euphorbia delphinensis',16),(21225,'florenceae','','Aloe florenceae',22),(21240,'milii','','Euphorbia milii',16),(21268,'triangularis','','Euphorbia triangularis',16),(21271,'eumassawana','','Aloe eumassawana',22),(21272,'tenax','','Euphorbia tenax',16),(21279,'inyangensis','','Aloe inyangensis',22),(21281,'crenulatus','','Schizochilus crenulatus',98),(21296,'pervittata','','Euphorbia pervittata',16),(21306,'ecklonii','','Euphorbia ecklonii',16),(21312,'millotii','','Euphorbia millotii',16),(21313,'perplexa','','Disa perplexa',53),(21315,'nyikensis','','Disa nyikensis',53),(21318,'hyalinum','','Bulbophyllum hyalinum',39),(21320,'cooperi','','Eulophia cooperi',56),(21325,'mirabilis','','Didierea mirabilis',14),(21328,'juvenna','','Aloe juvenna',22),(21332,'divergens','','Habenaria divergens',64),(21335,'rosulatum','','Pachypodium rosulatum',4),(21336,'schizodioides','','Disa schizodioides',53),(21340,'erigavensis','','Euphorbia erigavensis',16),(21345,'capmanambatoensis','','Euphorbia capmanambatoensis',16),(21355,'schoelleri','','Aloe schoelleri',22),(21357,'aeruginosa','','Euphorbia aeruginosa',16),(21366,'praestans','','Angraecum praestans',31),(21367,'antongilense','','Bulbophyllum antongilense',39),(21376,'descoingsii','','Aloe descoingsii',22),(21383,'balsamifera','','Euphorbia balsamifera',16),(21384,'faucicola','','Euphorbia faucicola',16),(21389,'rowlandii','','Euphorbia rowlandii',16),(21392,'micropetala','','Disa micropetala',53),(21402,'biharamulensis','','Euphorbia biharamulensis',16),(21406,'lanatus','','Encephalartos lanatus',126),(21412,'fadenii','','Cyathea fadenii',8),(21413,'mauritiana','','Arnottia mauritiana',33),(21415,'introrsa','','Disa introrsa',53),(21416,'paucidentatus','','Encephalartos paucidentatus',126),(21420,'robecchii','','Euphorbia robecchii',16),(21423,'borbonicum','','Angraecum borbonicum',31),(21433,'perhumile','','Angraecum perhumile',31),(21438,'wakefieldii','','Euphorbia wakefieldii',16),(21442,'karroensis','','Euphorbia karroensis',16),(21445,'finetii','','Bulbophyllum finetii',39),(21476,'maireae','','Aerangis maireae',27),(21490,'nasutum','','Angraecum nasutum',31),(21491,'duranii','','Euphorbia duranii',16),(21495,'macrostachya','','Beclardia macrostachya',35),(21506,'cypripedioides','','Manniella cypripedioides',72),(21509,'coutrixii','','Angraecum coutrixii',31),(21512,'englerana','','Disa englerana',53),(21513,'anjouanensis','','Jumellea anjouanensis',69),(21520,'vagans','','Chamaeangis vagans',43),(21529,'geldorensis','','Euphorbia geldorensis',16),(21544,'pachyclada','','Euphorbia pachyclada',16),(21551,'celsa','','Alsophila celsa',7),(21559,'moldenkeanum','','Bulbophyllum moldenkeanum',39),(21561,'friderici-guilielmi','','Encephalartos friderici-guilielmi',126),(21572,'namorokaensis','','Aloe namorokaensis',22),(21574,'filicornis','','Disa filicornis',53),(21590,'zaratananae','','Bulbophyllum zaratananae',39),(21592,'pilifera','','Hoodia pilifera',3),(21595,'pergracile','','Angraecum pergracile',31),(21600,'sedifolium','','Angraecum sedifolium',31),(21601,'curvirama','','Euphorbia curvirama',16),(21620,'howmanii','','Aloe howmanii',22),(21624,'mooreana','','Aerangis mooreana',27),(21648,'grandidentata','','Aloe grandidentata',22),(21654,'columnaris','','Euphorbia columnaris',16),(21659,'baradii','','Euphorbia baradii',16),(21670,'obtusa','','Disa obtusa',53),(21673,'hendrickxii','','Aloe hendrickxii',22),(21685,'pentagona','','Euphorbia pentagona',16),(21686,'ballii','','Bulbophyllum ballii',39),(21690,'horrida','','Euphorbia horrida',16),(21693,'longituberculosa','','Euphorbia longituberculosa',16),(21696,'bouarensis','','Aerangis bouarensis',27),(21705,'septentrionalis','','Euphorbia septentrionalis',16),(21710,'oligophylla','','Aloe oligophylla',22),(21711,'subcrenulatum','','Bulbophyllum subcrenulatum',39),(21712,'chloranthum','','Angraecum chloranthum',31),(21727,'kainochiloides','','Bulbophyllum kainochiloides',39),(21732,'rigens','','Aloe rigens',22),(21733,'pillansii','','Aloe pillansii',22),(21735,'lactea','','Euphorbia lactea',16),(21736,'fascicaulis','','Euphorbia fascicaulis',16),(21740,'squarrosa','','Euphorbia squarrosa',16),(21756,'arceuthobioides','','Euphorbia arceuthobioides',16),(21759,'breviarticulata','','Euphorbia breviarticulata',16),(21766,'aspera','','Holothrix aspera',67),(21767,'ituriensis','','Encephalartos ituriensis',126),(21781,'humbertiana','','Diospyros humbertiana',15),(21784,'cylindrica','','Disa cylindrica',53),(21791,'fragilis','','Aloe fragilis',22),(21795,'teixeirae','','Euphorbia teixeirae',16),(21798,'davyi','','Euphorbia davyi',16),(21799,'mzimbana','','Aloe mzimbana',22),(21806,'pachygaster','','Aloe pachygaster',22),(21815,'mikea','','Pachypodium mikea',4),(21816,'alticola','','Alsophila alticola',7),(21825,'ambarivatoensis','','Euphorbia ambarivatoensis',16),(21836,'pratensis','','Aloe pratensis',22),(21840,'orthogonalis','','Alsophila orthogonalis',7),(21843,'ramulosa','','Euphorbia ramulosa',16),(21864,'oxystegia','','Euphorbia oxystegia',16),(21866,'tetragonum','','Bulbophyllum tetragonum',39),(21879,'parifolia','','Diospyros parifolia',15),(21884,'lepidus','','Schizochilus lepidus',98),(21897,'scorpioides','','Aloe scorpioides',22),(21900,'crociformis','','Nervilia crociformis',78),(21909,'lanceolata','','Diospyros lanceolata',15),(21925,'umbeluziensis','','Encephalartos umbeluziensis',126),(21934,'megaphylla','','Aerangis megaphylla',27),(21937,'comatum','','Bulbophyllum comatum',39),(21938,'pseudoburuana','','Euphorbia pseudoburuana',16),(21940,'cephalotes','','Disa cephalotes',53),(21943,'krapohliana','','Aloe krapohliana',22),(21949,'scaberulum','','Bulbophyllum scaberulum',39),(21960,'capuronii','','Euphorbia capuronii',16),(21964,'cataractarum','','Bulbophyllum cataractarum',39),(21965,'subapproximatum','','Bulbophyllum subapproximatum',39),(21980,'malevola','','Euphorbia malevola',16),(21986,'hereroensis','','Aloe hereroensis',22),(21989,'bullockii','','Aloe bullockii',22),(21994,'jacksonii','','Aerangis jacksonii',27),(21999,'nyeriensis','','Aloe nyeriensis',22),(22010,'inexpectata','','Aloe inexpectata',22),(22021,'micrantha','','Holothrix micrantha',67),(22034,'chrysostachys','','Aloe chrysostachys',22),(22036,'kniphofioides','','Aloe kniphofioides',22),(22037,'tortirama','','Euphorbia tortirama',16),(22045,'macleayi','','Aloe macleayi',22),(22050,'montagnacii','','Alluaudia montagnacii',11),(22072,'brevifoliolatus','','Encephalartos brevifoliolatus',126),(22076,'millotii','','Aloe millotii',22),(22079,'enotata','','Aloe enotata',22),(22086,'africana','','Prunus africana',121),(22088,'canis','','Aloe canis',22),(22111,'turkanensis','','Euphorbia turkanensis',16),(22121,'peyrotii','','Angraecum peyrotii',31),(22129,'marojejiense','','Bulbophyllum marojejiense',39),(22130,'medishiana','','Aloe medishiana',22),(22154,'montagnacii','','Cyphostemma montagnacii',124),(22165,'elegantissima','','Euphorbia elegantissima',16),(22168,'ramulicolum','','Angraecum ramulicolum',31),(22171,'aporoides','','Angraecum aporoides',31),(22179,'repens','','Calanthe repens',40),(22184,'sankeyi','','Disa sankeyi',53),(22198,'camerooniana','','Cyathea camerooniana',8),(22203,'dominella','','Aloe dominella',22),(22208,'pedicellata','','Hoodia pedicellata',3),(22215,'dives','','Angraecum dives',31),(22225,'parvula','','Aloe parvula',22),(22226,'dendrobiopis','','Angraecum dendrobiopis',31),(22236,'glaberrima','','Dalbergia glaberrima',17),(22237,'arachnopus','','Aerangis arachnopus',27),(22240,'pseudotuberosa','','Euphorbia pseudotuberosa',16),(22246,'tripetaloides','','Disperis tripetaloides',54),(22251,'ochraceum','','Angraecum ochraceum',31),(22252,'andringitranum','','Angraecum andringitranum',31),(22256,'elephantopus','','Cyphostemma elephantopus',124),(22258,'echinus','','Euphorbia echinus',16),(22268,'fiherenensis','','Alluaudiopsis fiherenensis',12),(22285,'mubendiensis','','Aloe mubendiensis',22),(22286,'parviflora','','Hoodia parviflora',3),(22287,'stenoplecta','','Eulophia stenoplecta',56),(22294,'tugenensis','','Aloe tugenensis',22),(22300,'setispina','','Euphorbia setispina',16),(22304,'unifoliatum','','Bulbophyllum unifoliatum',39),(22311,'roeoeslii','','Aloe roeoeslii',22),(22323,'antsingyensis','','Aloe antsingyensis',22),(22342,'maudeae','','Bulbophyllum maudeae',39),(22345,'brevitorta','','Euphorbia brevitorta',16),(22361,'decliviticola','','Euphorbia decliviticola',16),(22369,'myrtifolia','','Diospyros myrtifolia',15),(22375,'sacculatum','','Angraecum sacculatum',31),(22381,'rubrum','','Bulbophyllum rubrum',39),(22384,'actinoclada','','Euphorbia actinoclada',16),(22386,'mystacidii','','Aerangis mystacidii',27),(22390,'encephalodes','','Bulbophyllum encephalodes',39),(22394,'angustum','','Angraecum angustum',31),(22401,'peyrotii','','Bulbophyllum peyrotii',39),(22406,'concavipetala','','Aerangis concavipetala',27),(22411,'gerstneri','','Aloe gerstneri',22),(22412,'longivaginans','','Bulbophyllum longivaginans',39),(22417,'extinctoria','','Disa extinctoria',53),(22422,'mitriformis','','Aloe mitriformis',22),(22433,'mangenotii','','Bulbophyllum mangenotii',39),(22435,'macrocarpa','','Aloe macrocarpa',22),(22462,'lucile-allorgeae','','Aloe lucile-allorgeae',22),(22468,'woodii','','Huttonaea woodii',68),(22482,'groenewaldii','','Euphorbia groenewaldii',16),(22483,'atrocarmesina','','Euphorbia atrocarmesina',16),(22489,'versicolor','','Aloe versicolor',22),(22490,'flexilifolia','','Aloe flexilifolia',22),(22504,'mauritanica','','Euphorbia mauritanica',16),(22505,'herrei','','Euphorbia herrei',16),(22506,'fusiformis','','Polystachya fusiformis',92),(22510,'dewetii','','Aloe dewetii',22),(22519,'monadenioides','','Euphorbia monadenioides',16),(22520,'erubescens','','Disa erubescens',53),(22531,'evrardianum','','Angraecum evrardianum',31),(22533,'tororoana','','Aloe tororoana',22),(22544,'saundersiae','','Aloe saundersiae',22),(22547,'fasciata','','Disa fasciata',53),(22555,'nigriflorum','','Bulbophyllum nigriflorum',39),(22568,'silicicola','','Aloe silicicola',22),(22571,'greenwayi','','Euphorbia greenwayi',16),(22574,'ukingensis','','Disa ukingensis',53),(22575,'imbricatum','','Bulbophyllum imbricatum',39),(22577,'confinalis','','Euphorbia confinalis',16),(22587,'cryptostachyum','','Bulbophyllum cryptostachyum',39),(22588,'schelpei','','Aloe schelpei',22),(22590,'munchii','','Aloe munchii',22),(22601,'occidentale','','Agrostophyllum occidentale',28),(22603,'hirsutiusculum','','Bulbophyllum hirsutiusculum',39),(22604,'succotrina','','Aloe succotrina',22),(22611,'vaombe','','Aloe vaombe',22),(22615,'bidenticulatum','','Bulbophyllum bidenticulatum',39),(22623,'cussonioides','','Euphorbia cussonioides',16),(22628,'asthenacantha','','Euphorbia asthenacantha',16),(22632,'cryptodon','','Aerangis cryptodon',27),(22636,'kondoi','','Euphorbia kondoi',16),(22641,'microdonta','','Aloe microdonta',22),(22642,'burgeri','','Euphorbia burgeri',16),(22650,'platyclada','','Euphorbia platyclada',16),(22660,'inconspicua','','Aloe inconspicua',22),(22664,'bongolavensis','','Euphorbia bongolavensis',16),(22668,'somalensis','','Aerangis somalensis',27),(22676,'saxicola','','Disa saxicola',53),(22680,'caffra','','Margelliantha caffra',73),(22684,'mcphersonii','','Diospyros mcphersonii',15),(22687,'aloifolium','','Angraecum aloifolium',31),(22690,'pearsonii','','Aloe pearsonii',22),(22691,'suarezensis','','Aloe suarezensis',22),(22694,'hemmingii','','Aloe hemmingii',22),(22705,'madagascariensis','','Didierea madagascariensis',14),(22709,'hedyotoides','','Euphorbia hedyotoides',16),(22714,'exilis','','Euphorbia exilis',16),(22732,'elegans','','Disa elegans',53),(22733,'bathiei','','Dalbergia bathiei',17),(22734,'curocana','','Euphorbia curocana',16),(22742,'seretii','','Aloe seretii',22),(22749,'maximum','','Bulbophyllum maximum',39),(22761,'gymnocalycioides','','Euphorbia gymnocalycioides',16),(22763,'oligantha','','Disa oligantha',53),(22770,'confusa','','Aloe confusa',22),(22777,'tescorum','','Euphorbia tescorum',16),(22781,'nigericum','','Bulbophyllum nigericum',39),(22782,'luciphilum','','Bulbophyllum luciphilum',39),(22787,'telephiastrum','','Anacampseros telephiastrum',118),(22791,'hyacinthei','','Alsophila hyacinthei',7),(22798,'melleri','','Alsophila melleri',7),(22801,'aurea','','Dalbergia aurea',17),(22812,'fasciculata','','Euphorbia fasciculata',16),(22813,'leucocalyx','','Diospyros leucocalyx',15),(22815,'prona','','Euphorbia prona',16),(22816,'rivularis','','Ravenea rivularis',113),(22828,'recta','','Jumellea recta',69),(22838,'omariana','','Euphorbia omariana',16),(22845,'berevoana','','Aloe berevoana',22),(22857,'capsaintemariensis','','Euphorbia capsaintemariensis',16),(22892,'ambroseae','','Euphorbia ambroseae',16),(22894,'horombense','','Pachypodium horombense',4),(22909,'gladioliflora','','Disa gladioliflora',53),(22914,'expallidum','','Bulbophyllum expallidum',39),(22917,'bosseri','','Aloe bosseri',22),(22927,'susannae','','Euphorbia susannae',16),(22929,'guillauminii','','Angraecum guillauminii',31),(22930,'heybensis','','Aloe heybensis',22),(22937,'consobrina','','Euphorbia consobrina',16),(22946,'lutescens','','Aloe lutescens',22),(22951,'samburuensis','','Euphorbia samburuensis',16),(22960,'resupinatum','','Bulbophyllum resupinatum',39),(22967,'lateriflora','','Euphorbia lateriflora',16),(22983,'gravenreuthii','','Aerangis gravenreuthii',27),(22996,'mildbraedii','','Disperis mildbraedii',54),(23004,'halleuxii','','Lemurophoenix halleuxii',110),(23005,'hovarum','','Bulbophyllum hovarum',39),(23006,'boryanum','','Physoceras boryanum',88),(23011,'glandularis','','Euphorbia glandularis',16),(23020,'luapulana','','Aloe luapulana',22),(23029,'crassipes','','Aloe crassipes',22),(23032,'clandestina','','Euphorbia clandestina',16),(23037,'pulchella','','Disa pulchella',53),(23041,'cryptantha','','Disa cryptantha',53),(23042,'tripetaloides','','Disa tripetaloides',53),(23046,'mauritianum','','Angraecum mauritianum',31),(23048,'filipes','','Diospyros filipes',15),(23052,'mahavavense','','Angraecum mahavavense',31),(23066,'imitata','','Euphorbia imitata',16),(23070,'masoalensis','','Diospyros masoalensis',15),(23076,'imerinense','','Angraecum imerinense',31),(23077,'cucumerina','','Euphorbia cucumerina',16),(23081,'seretii','','Euphorbia seretii',16),(23085,'tegulaneus','','Encephalartos tegulaneus',126),(23098,'fosteri','','Aloe fosteri',22),(23111,'tetraceros','','Diospyros tetraceros',15),(23113,'venenata','','Euphorbia venenata',16),(23115,'mutabilis','','Aloe mutabilis',22),(23133,'fibrosa','','Aloe fibrosa',22),(23141,'jubata','','Euphorbia jubata',16),(23143,'papangense','','Bulbophyllum papangense',39),(23150,'quadrilatera','','Euphorbia quadrilatera',16),(23155,'madecassa','','Aloe madecassa',22),(23156,'caespitosum','','Bulbophyllum caespitosum',39),(23161,'purpureorhachis','','Bulbophyllum purpureorhachis',39),(23166,'grandicornis','','Euphorbia grandicornis',16),(23169,'decaryana','','Aerangis decaryana',27),(23172,'cyclanthum','','Bulbophyllum cyclanthum',39),(23174,'mendesii','','Aloe mendesii',22),(23186,'monteiri','','Euphorbia monteiri',16),(23192,'myrmecochilum','','Bulbophyllum myrmecochilum',39),(23193,'cylindrifolia','','Euphorbia cylindrifolia',16),(23204,'hlangapies','','Aloe hlangapies',22),(23206,'pachypus','','Operculicarya pachypus',2),(23208,'cremersii','','Aloe cremersii',22),(23212,'elliottii','','Bulbophyllum elliottii',39),(23214,'imparispina','','Euphorbia imparispina',16),(23220,'framesii','','Aloe framesii',22),(23225,'patula','','Disa patula',53),(23229,'chlorocarpa','','Dalbergia chlorocarpa',17),(23237,'schimperianum','','Bulbophyllum schimperianum',39),(23256,'bougheyi','','Euphorbia bougheyi',16),(23265,'xanthobulbum','','Bulbophyllum xanthobulbum',39),(23268,'brevipetala','','Disa brevipetala',53),(23277,'princeps','','Encephalartos princeps',126),(23288,'mayombeense','','Bulbophyllum mayombeense',39),(23307,'berotica','','Euphorbia berotica',16),(23311,'linearifolium','','Angraecum linearifolium',31),(23323,'erythrostachyum','','Bulbophyllum erythrostachyum',39),(23325,'spinea','','Euphorbia spinea',16),(23327,'alticola','','Disa alticola',53),(23328,'leucodendron','','Euphorbia leucodendron',16),(23346,'hapalanthos','','Bulbophyllum hapalanthos',39),(23349,'isacantha','','Euphorbia isacantha',16),(23351,'manampetsae','','Diospyros manampetsae',15),(23359,'boivinii','','Diospyros boivinii',15),(23363,'rugosibulbum','','Bulbophyllum rugosibulbum',39),(23368,'porrecta','','Disa porrecta',53),(23383,'septatum','','Bulbophyllum septatum',39),(23389,'algeriensis','','Platanthera algeriensis',89),(23390,'monolenis','','Polystachya monolenis',92),(23396,'corynoceras','','Angraecum corynoceras',31),(23400,'charlotteae','','Aloe charlotteae',22),(23409,'chapelieri','','Dalbergia chapelieri',17),(23414,'lukoseana','','Euphorbia lukoseana',16),(23416,'pirottae','','Aloe pirottae',22),(23420,'poolii','','Alsophila poolii',7),(23422,'vaalputsiana','','Euphorbia vaalputsiana',16),(23432,'lettyae','','Aloe lettyae',22),(23436,'flanaganii','','Corycium flanaganii',46),(23440,'calophylla','','Diospyros calophylla',15),(23467,'firingalavensis','','Adenia firingalavensis',116),(23469,'meeusiana','','Diospyros meeusiana',15),(23485,'lensayuensis','','Aloe lensayuensis',22),(23488,'callosum','','Bulbophyllum callosum',39),(23499,'lamprophylla','','Bonatea lamprophylla',37),(23515,'heliderana','','Aloe heliderana',22),(23521,'ivorense','','Bulbophyllum ivorense',39),(23523,'intisy','','Euphorbia intisy',16),(23530,'tenuior','','Aloe tenuior',22),(23552,'ballyana','','Euphorbia ballyana',16),(23553,'vesiculatum','','Angraecum vesiculatum',31),(23563,'erythroglossum','','Bulbophyllum erythroglossum',39),(23566,'poggei','','Encephalartos poggei',126),(23567,'hottentota','','Euphorbia hottentota',16),(23568,'marlothii','','Aloe marlothii',22),(23585,'pallidiflora','','Aerangis pallidiflora',27),(23596,'glandulosa','','Disa glandulosa',53),(23597,'glauca','','Aloe glauca',22),(23600,'marunguensis','','Encephalartos marunguensis',126),(23606,'microstigma','','Aloe microstigma',22),(23611,'henrici','','Erasanthe henrici',55),(23630,'erlangeri','','Euphorbia erlangeri',16),(23632,'purpurascens','','Dalbergia purpurascens',17),(23642,'conifera','','Aloe conifera',22),(23647,'clusiifolia','','Diospyros clusiifolia',15),(23651,'prostrata','','Aloe prostrata',22),(23660,'arenarius','','Encephalartos arenarius',126),(23663,'mainty','','Euphorbia mainty',16),(23665,'vesiculiferum','','Angraecum vesiculiferum',31),(23669,'stolzii','','Bulbophyllum stolzii',39),(23670,'pseudocactus','','Euphorbia pseudocactus',16),(23672,'classenii','','Euphorbia classenii',16),(23674,'neobosseri','','Euphorbia neobosseri',16),(23676,'nanum','','Angraecum nanum',31),(23679,'bowiea','','Aloe bowiea',22),(23681,'decaryanum','','Bulbophyllum decaryanum',39),(23682,'dedzana','','Euphorbia dedzana',16),(23697,'breve','','Angraecum breve',31),(23705,'lealii','','Pachypodium lealii',4),(23709,'grandidieri','','Uncarina grandidieri',117),(23729,'rugosiflora','','Euphorbia rugosiflora',16),(23730,'germinyanum','','Angraecum germinyanum',31),(23734,'gariepensis','','Aloe gariepensis',22),(23741,'excelsa','','Euphorbia excelsa',16),(23750,'dolabriforme','','Bulbophyllum dolabriforme',39),(23754,'exilis','','Microcoelia exilis',74),(23755,'jucunda','','Aloe jucunda',22),(23766,'abrahamii','','Dalbergia abrahamii',17),(23776,'pumilum','','Bulbophyllum pumilum',39),(23782,'mcloughlinii','','Aloe mcloughlinii',22),(23793,'injoloense','','Bulbophyllum injoloense',39),(23812,'clava','','Euphorbia clava',16),(23823,'sofiense','','Pachypodium sofiense',4),(23828,'cibdela','','Euphorbia cibdela',16),(23829,'sakarahaensis','','Euphorbia sakarahaensis',16),(23843,'affinis','','Aloe affinis',22),(23849,'rugosifolia','','Aloe rugosifolia',22),(23856,'imperialis','','Vanilla imperialis',106),(23859,'drouhardii','','Angraecum drouhardii',31),(23863,'anoplia','','Euphorbia anoplia',16),(23867,'fuscata','','Aerangis fuscata',27),(23878,'lumbricalis','','Euphorbia lumbricalis',16),(23882,'submammillaris','','Euphorbia submammillaris',16),(23885,'aldabrensis','','Aloe aldabrensis',22),(23886,'distichum','','Angraecum distichum',31),(23887,'leptochlamys','','Alsophila leptochlamys',7),(23897,'xylopus','','Angraecum xylopus',31),(23918,'pubescens','','Zygosicyos pubescens',6),(23919,'matitanense','','Bulbophyllum matitanense',39),(23924,'melanacantha','','Aloe melanacantha',22),(23925,'urschii','','Dalbergia urschii',17),(23932,'dicorypheoides','','Diospyros dicorypheoides',15),(23935,'pulvinata','','Euphorbia pulvinata',16),(23938,'pandanetorum','','Bulbophyllum pandanetorum',39),(23989,'bella','','Aloe bella',22),(23992,'uhligiana','','Euphorbia uhligiana',16),(24015,'sarcorhachis','','Bulbophyllum sarcorhachis',39),(24033,'microglossum','','Corycium microglossum',46),(24036,'corallina','','Aloe corallina',22),(24040,'magnicapsula','','Euphorbia magnicapsula',16),(24042,'maritae','','Euphorbia maritae',16),(24044,'serendipita','','Euphorbia serendipita',16),(24045,'hildebrandtii','','Alsophila hildebrandtii',7),(24047,'maromanganum','','Bulbophyllum maromanganum',39),(24052,'comorensis','','Jumellea comorensis',69),(24053,'leucantha','','Eulophia leucantha',56),(24071,'dalettiensis','','Euphorbia dalettiensis',16),(24079,'madagascariensis','','Calanthe madagascariensis',40),(24083,'bemarivoense','','Angraecum bemarivoense',31),(24084,'tsaratananensis','','Alsophila tsaratananensis',7),(24103,'mofakoko','','Angraecum mofakoko',31),(24109,'miniata','','Disa miniata',53),(24137,'polygonoides','','Disa polygonoides',53),(24157,'congdonii','','Aloe congdonii',22),(24191,'multinominatum','','Angraecum multinominatum',31),(24197,'decussilvae','','Satranala decussilvae',114),(24202,'clavigerum','','Angraecum clavigerum',31),(24228,'venosa','','Ceratandra venosa',42),(24230,'africana','','Zeuxine africana',107),(24233,'quadrifarium','','Bulbophyllum quadrifarium',39),(24244,'molederana','','Aloe molederana',22),(24260,'rolandii','','Alsophila rolandii',7),(24265,'angolensis','','Aloe angolensis',22),(24266,'brevirama','','Euphorbia brevirama',16),(24267,'matitanensis','','Alsophila matitanensis',7),(24273,'zaratananae','','Angraecum zaratananae',31),(24281,'carnea','','Aerangis carnea',27),(24284,'lupulinum','','Bulbophyllum lupulinum',39),(24289,'minor','','Disa minor',53),(24307,'beillei','','Euphorbia beillei',16),(24309,'multicolor','','Aloe multicolor',22),(24312,'bifidum','','Corycium bifidum',46),(24316,'lebomboensis','','Encephalartos lebomboensis',126),(24319,'sladeniana','','Aloe sladeniana',22),(24330,'altensteinii','','Encephalartos altensteinii',126),(24346,'myrianthum','','Angraecum myrianthum',31),(24352,'celata','','Euphorbia celata',16),(24356,'cooperi','','Polystachya cooperi',92),(24358,'subsalsa','','Euphorbia subsalsa',16),(24362,'halipedicola','','Euphorbia halipedicola',16),(24373,'conchiferum','','Angraecum conchiferum',31),(24382,'claviflora','','Aloe claviflora',22),(24401,'namuskluftensis','','Euphorbia namuskluftensis',16),(24407,'pruinosa','','Diospyros pruinosa',15),(24420,'capmanambatoensis','','Aloe capmanambatoensis',22),(24424,'elata','','Aloe elata',22),(24431,'tulearensis','','Euphorbia tulearensis',16),(24433,'plowesii','','Aloe plowesii',22),(24439,'clavicornis','','Disa clavicornis',53),(24447,'tropophylla','','Diospyros tropophylla',15),(24449,'erythrosperma','','Diospyros erythrosperma',15),(24457,'inamara','','Aloe inamara',22),(24461,'comptonii','','Anacampseros comptonii',118),(24466,'stenoclada','','Euphorbia stenoclada',16),(24469,'capense','','Mystacidium capense',76),(24471,'gracilipes','','Diospyros gracilipes',15),(24474,'yuccaefolium','','Angraecum yuccaefolium',31),(24480,'capituliflorum','','Bulbophyllum capituliflorum',39),(24482,'ocellata','','Disa ocellata',53),(24484,'maritima','','Dalbergia maritima',17),(24485,'aureoviridiflora','','Euphorbia aureoviridiflora',16),(24505,'pterogonus','','Encephalartos pterogonus',126),(24514,'sinana','','Aloe sinana',22),(24518,'schlechteriana','','Herschelianthe schlechteriana',66),(24522,'pillansii','','Disa pillansii',53),(24523,'phylacocheira','','Habenaria phylacocheira',64),(24528,'vandermerwei','','Aloe vandermerwei',22),(24532,'hildebrandtii','','Bulbophyllum hildebrandtii',39),(24533,'occlusum','','Bulbophyllum occlusum',39),(24539,'concatenatum','','Bulbophyllum concatenatum',39),(24553,'schilliana','','Aloe schilliana',22),(24567,'razafinjohanii','','Euphorbia razafinjohanii',16),(24572,'archeri','','Aloe archeri',22),(24588,'victoriae','','Polystachya victoriae',92),(24593,'rhodostachys','','Bulbophyllum rhodostachys',39),(24597,'globulicaulis','','Euphorbia globulicaulis',16),(24600,'ankaratranum','','Bulbophyllum ankaratranum',39),(24608,'protensum','','Angraecum protensum',31),(24613,'hologlottis','','Aerangis hologlottis',27),(24616,'setipes','','Angraecum setipes',31),(24627,'bellisquamata','','Alsophila bellisquamata',7),(24635,'fortissima','','Euphorbia fortissima',16),(24637,'papillosum','','Centrostigma papillosum',41),(24638,'acutissima','','Aloe acutissima',22),(24643,'fievetii','','Aloe fievetii',22),(24645,'microceras','','Habenaria microceras',64),(24669,'trifarium','','Bulbophyllum trifarium',39),(24672,'cooperi','','Disperis cooperi',54),(24677,'pseudoduseimata','','Euphorbia pseudoduseimata',16),(24681,'ortholopha','','Aloe ortholopha',22),(24688,'magnibracteatum','','Bulbophyllum magnibracteatum',39),(24689,'berorohae','','Euphorbia berorohae',16),(24691,'whellanii','','Euphorbia whellanii',16),(24707,'compressa','','Aloe compressa',22),(24720,'brachystachya','','Dalbergia brachystachya',17),(24731,'millarii','','Diaphananthe millarii',50),(24732,'comosa','','Alluaudia comosa',11),(24734,'peltieri','','Dalbergia peltieri',17),(24741,'zebrina','','Aloe zebrina',22),(24750,'porphyrostachys','','Bulbophyllum porphyrostachys',39),(24752,'floribundum','','Angraecum floribundum',31),(24755,'cadetii','','Angraecum cadetii',31),(24762,'palmicolum','','Angraecum palmicolum',31),(24767,'wrefordii','','Aloe wrefordii',22),(24774,'decaryi','','Pachypodium decaryi',4),(24783,'erensii','','Aloe erensii',22),(24786,'enormis','','Euphorbia enormis',16),(24787,'capuronii','','Bulbophyllum capuronii',39),(24788,'speciosa','','Aloe speciosa',22),(24819,'rhombifolia','','Euphorbia rhombifolia',16),(24828,'ngongensis','','Aloe ngongensis',22),(24839,'gerardii','','Voanioala gerardii',115),(24841,'cultriforme','','Angraecum cultriforme',31),(24842,'melanohydrata','','Euphorbia melanohydrata',16),(24846,'madagascariensis','','Decarya madagascariensis',13),(24847,'lanceolata','','Osyris lanceolata',122),(24851,'albissima','','Avonia albissima',119),(24861,'taboraensis','','Euphorbia taboraensis',16),(24865,'isaloensis','','Alsophila isaloensis',7),(24881,'falcata','','Aloe falcata',22),(24897,'carolineae','','Aloe carolineae',22),(24898,'trichocarpa','','Dalbergia trichocarpa',17),(24904,'obovata','','Habenaria obovata',64),(24909,'natalensis','','Encephalartos natalensis',126),(24910,'perplexa','','Euphorbia perplexa',16),(24911,'specksii','','Euphorbia specksii',16),(24920,'barbata','','Disa barbata',53),(24925,'disticha','','Oberonia disticha',79),(24926,'otallensis','','Aloe otallensis',22),(24942,'hildebrandtii','','Encephalartos hildebrandtii',126),(24955,'millotae','','Calanthe millotae',40),(24969,'carnosilabium','','Bulbophyllum carnosilabium',39),(24973,'esculenta','','Euphorbia esculenta',16),(24976,'hyphaenoides','','Operculicarya hyphaenoides',2),(24978,'multiclava','','Euphorbia multiclava',16),(24981,'analavelonensis','','Euphorbia analavelonensis',16),(24990,'odontoglossa','','Eulophia odontoglossa',56),(24993,'pluridens','','Aloe pluridens',22),(25000,'florulentum','','Bulbophyllum florulentum',39),(25011,'gossweileri','','Aloe gossweileri',22),(25013,'schaijesii','','Encephalartos schaijesii',126),(25016,'torta','','Euphorbia torta',16),(25021,'mapingo','','Diospyros mapingo',15),(25025,'nummularia','','Bulbophyllum nummularia',39),(25029,'ingenticapsa','','Euphorbia ingenticapsa',16),(25030,'muriculata','','Tridactyle muriculata',105),(25034,'minutulum','','Bulbophyllum minutulum',39),(25035,'darbandensis','','Euphorbia darbandensis',16),(25042,'mira','','Euphorbia mira',16),(25055,'longiflorum','','Bulbophyllum longiflorum',39),(25060,'eichlerianum','','Angraecum eichlerianum',31),(25076,'perrieri','','Aloe perrieri',22),(25084,'alcicornis','','Aerangis alcicornis',27),(25088,'congestiflora','','Euphorbia congestiflora',16),(25098,'citrina','','Aloe citrina',22),(25100,'rebmannii','','Aloe rebmannii',22),(25103,'sandersonii','','Bulbophyllum sandersonii',39),(25105,'vanbalenii','','Aloe vanbalenii',22),(25116,'flanaganii','','Mystacidium flanaganii',76),(25124,'mangorensis','','Diospyros mangorensis',15),(25125,'petraea','','Euphorbia petraea',16),(25128,'dollii','','Angraecum dollii',31),(25131,'erubescens','','Dalbergia erubescens',17),(25147,'moratii','','Angraecum moratii',31),(25155,'luntii','','Aloe luntii',22),(25159,'flexuosus','','Schizochilus flexuosus',98),(25167,'longipinnata','','Alsophila longipinnata',7),(25183,'seychellarum','','Oeceoclades seychellarum',80),(25184,'thomsonii','','Alsophila thomsonii',7),(25188,'carneum','','Satyrium carneum',97),(25190,'maleolens','','Euphorbia maleolens',16),(25193,'buhrii','','Aloe buhrii',22),(25205,'baliola','','Euphorbia baliola',16),(25209,'pentasticha','','Bulbophyllum pentasticha',39),(25216,'stapelioides','','Euphorbia stapelioides',16),(25228,'myriacantha','','Aloe myriacantha',22),(25254,'fragrantissima','','Diaphananthe fragrantissima',50),(25263,'superposita','','Polystachya superposita',92),(25268,'subnuda','','Anacampseros subnuda',118),(25290,'leptostachyum','','Bulbophyllum leptostachyum',39),(25295,'bayeri','','Euphorbia bayeri',16),(25308,'gracilicaulis','','Aloe gracilicaulis',22),(25313,'espinosa','','Euphorbia espinosa',16),(25318,'melleum','','Bulbophyllum melleum',39),(25320,'omavandae','','Aloe omavandae',22),(25329,'karooica','','Disa karooica',53),(25338,'potamophilum','','Angraecum potamophilum',31),(25347,'capitata','','Aloe capitata',22),(25349,'veseyi','','Aloe veseyi',22),(25350,'thomensis','','Polystachya thomensis',92),(25352,'decaryi','','Euphorbia decaryi',16),(25356,'toxicaria','','Diospyros toxicaria',15),(25357,'franckiana','','Euphorbia franckiana',16),(25361,'officinalis','','Hoodia officinalis',3),(25363,'louwii','','Euphorbia louwii',16),(25375,'barbigerum','','Bulbophyllum barbigerum',39),(25380,'currorii','','Hoodia currorii',3),(25395,'bulbillifera','','Aloe bulbillifera',22),(25398,'bernadettae','','Aloe bernadettae',22),(25407,'hoffmannii','','Aloe hoffmannii',22),(25417,'sekukuniensis','','Euphorbia sekukuniensis',16),(25425,'quadrata','','Alsophila quadrata',7),(25431,'platybulbon','','Genyorchis platybulbon',61),(25435,'schoenlandii','','Euphorbia schoenlandii',16),(25457,'itremensis','','Euphorbia itremensis',16),(25462,'sclerophylla','','Diospyros sclerophylla',15),(25467,'keniae','','Angraecum keniae',31),(25471,'penzigianum','','Angraecum penzigianum',31),(25477,'enopla','','Euphorbia enopla',16),(25481,'umbrosum','','Angraecum umbrosum',31),(25486,'pteroclada','','Euphorbia pteroclada',16),(25503,'mahabobokensis','','Euphorbia mahabobokensis',16),(25507,'discrepans','','Euphorbia discrepans',16),(25509,'wollastonii','','Aloe wollastonii',22),(25512,'khamiesensis','','Aloe khamiesensis',22),(25527,'venenifica','','Euphorbia venenifica',16),(25532,'comosa','','Aloe comosa',22),(25548,'phalaenopsis','','Vanilla phalaenopsis',106),(25549,'mawii','','Aloe mawii',22),(25553,'foliosum','','Satyrium foliosum',97),(25555,'ustulata','','Avonia ustulata',119),(25573,'lolwensis','','Aloe lolwensis',22),(25579,'incurvum','','Bulbophyllum incurvum',39),(25596,'cereiformis','','Euphorbia cereiformis',16),(25607,'perangusta','','Euphorbia perangusta',16),(25614,'glabrescens','','Aloe glabrescens',22),(25631,'gatbergensis','','Euphorbia gatbergensis',16),(25644,'teretibulbum','','Bulbophyllum teretibulbum',39),(25652,'mirificum','','Bulbophyllum mirificum',39),(25668,'spaerobulbum','','Bulbophyllum spaerobulbum',39),(25671,'boscawenii','','Aloe boscawenii',22),(25676,'loricata','','Euphorbia loricata',16),(25677,'culveri','','Holothrix culveri',67),(25679,'longispina','','Euphorbia longispina',16),(25683,'croizatii','','Euphorbia croizatii',16),(25689,'boiteaui','','Bulbophyllum boiteaui',39),(25695,'vallaris','','Euphorbia vallaris',16),(25708,'coddii','','Eulophia coddii',56),(25713,'rupestris','','Aloe rupestris',22),(25723,'incarnata','','Disa incarnata',53),(25729,'monacantha','','Euphorbia monacantha',16),(25731,'inapertum','','Angraecum inapertum',31),(25732,'trollii','','Didierea trollii',14),(25735,'chamaeanthus','','Angraecum chamaeanthus',31),(25743,'setifera','','Polystachya setifera',92),(25745,'perarmata','','Euphorbia perarmata',16),(25746,'buettneri','','Aloe buettneri',22),(25747,'begleyi','','Disa begleyi',53),(25753,'acutispicatum','','Bulbophyllum acutispicatum',39),(25755,'waringiae','','Euphorbia waringiae',16),(25764,'masoalanum','','Bulbophyllum masoalanum',39),(25769,'fanshawei','','Euphorbia fanshawei',16),(25779,'subacutissima','','Aloe subacutissima',22),(25780,'simii','','Aloe simii',22),(25789,'bussei','','Aloe bussei',22),(25793,'imerinensis','','Aloe imerinensis',22),(25801,'dasyacantha','','Euphorbia dasyacantha',16),(25803,'rosellata','','Habenaria rosellata',64),(25815,'moandense','','Angraecum moandense',31),(25818,'elaidum','','Stolzia elaidum',103),(25819,'alstonii','','Hoodia alstonii',3),(25824,'onivense','','Angraecum onivense',31),(25828,'petterssonianum','','Angraecum petterssonianum',31),(25829,'waterbergensis','','Euphorbia waterbergensis',16),(25836,'similis','','Alsophila similis',7),(25837,'caespitosa','','Liparis caespitosa',70),(25841,'laurentianus','','Encephalartos laurentianus',126),(25843,'crassipes','','Euphorbia crassipes',16),(25846,'brachiata','','Euphorbia brachiata',16),(25851,'vituensis','','Aloe vituensis',22),(25862,'bracteolata','','Dalbergia bracteolata',17),(25864,'citrea','','Aloe citrea',22),(25865,'podochiloides','','Angraecum podochiloides',31),(25868,'dyeri','','Aloe dyeri',22),(25880,'dichroa','','Euphorbia dichroa',16),(25885,'analalavensis','','Euphorbia analalavensis',16),(25887,'cylindrocarpum','','Bulbophyllum cylindrocarpum',39),(25888,'stella-africae','','Angraecum stella-africae',31),(25904,'dawei','','Euphorbia dawei',16),(25906,'globuligemma','','Aloe globuligemma',22),(25907,'heterochroma','','Euphorbia heterochroma',16),(25910,'platycephala','','Euphorbia platycephala',16),(25925,'sambiranoense','','Angraecum sambiranoense',31),(25939,'laggiarae','','Angraecum laggiarae',31),(25943,'macroclada','','Aloe macroclada',22),(25946,'corymbosa','','Corymborkis corymbosa',47),(25959,'leptochlamys','','Bulbophyllum leptochlamys',39),(25979,'erectum','','Bulbophyllum erectum',39),(25985,'mediocre','','Bulbophyllum mediocre',39),(25989,'rostellaris','','Aerangis rostellaris',27),(25993,'rauhii','','Bulbophyllum rauhii',39),(26012,'rectirama','','Euphorbia rectirama',16),(26016,'friedrichiae','','Euphorbia friedrichiae',16),(26044,'seychellensis','','Hederorkis seychellensis',65),(26052,'sabulosa','','Monadenia sabulosa',75),(26056,'pilosula','','Alsophila pilosula',7),(26057,'manikensis','','Encephalartos manikensis',126),(26063,'loubetiana','','Alsophila loubetiana',7),(26075,'maudiae','','Bolusiella maudiae',36),(26084,'panicifolium','','Angraecum panicifolium',31),(26088,'sagittalis','','Disa sagittalis',53),(26105,'minus','','Angraecum minus',31),(26107,'nervosa','','Disa nervosa',53),(26118,'debilispina','','Euphorbia debilispina',16),(26130,'ochrochlamys','','Bulbophyllum ochrochlamys',39),(26132,'regis-jubae','','Euphorbia regis-jubae',16),(26145,'classenii','','Aloe classenii',22),(26146,'kamerunensis','','Disperis kamerunensis',54),(26152,'rutenbergianum','','Bulbophyllum rutenbergianum',39),(26158,'thouarsiana','','Euphorbia thouarsiana',16),(26162,'laza','','Cyphostemma laza',124),(26167,'trispinosus','','Encephalartos trispinosus',126),(26176,'leedalii','','Aloe leedalii',22),(26177,'mirum','','Satyrium mirum',97),(26180,'metonymon','','Bulbophyllum metonymon',39),(26181,'boylei','','Aloe boylei',22),(26182,'verecundum','','Angraecum verecundum',31),(26193,'herreana','','Avonia herreana',119),(26205,'margaretae','','Euphorbia margaretae',16),(26206,'roempleriana','','Eulophiella roempleriana',58),(26220,'williamsonii','','Euphorbia williamsonii',16),(26223,'senticosus','','Encephalartos senticosus',126),(26227,'coursiana','','Diospyros coursiana',15),(26231,'oligantha','','Aerangis oligantha',27),(26243,'migiurtinorum','','Euphorbia migiurtinorum',16),(26247,'dabenorisana','','Aloe dabenorisana',22),(26251,'alooides','','Aloe alooides',22),(26262,'africana','','Aloe africana',22),(26264,'pungens','','Angraecum pungens',31),(26265,'giessii','','Euphorbia giessii',16),(26269,'longipetalum','','Schizodium longipetalum',99),(26280,'parviflora','','Polystachya parviflora',92),(26281,'concinnus','','Encephalartos concinnus',126),(26283,'scarlatina','','Euphorbia scarlatina',16),(26285,'amicorum','','Aloe amicorum',22),(26299,'tridentata','','Euphorbia tridentata',16),(26310,'hallackii','','Disa hallackii',53),(26312,'subacuta','','Diospyros subacuta',15),(26318,'minutum','','Bulbophyllum minutum',39),(26319,'vaotsanda','','Aloe vaotsanda',22),(26332,'rudis','','Euphorbia rudis',16),(26347,'cuprispina','','Euphorbia cuprispina',16),(26349,'brachyphton','','Bulbophyllum brachyphton',39),(26351,'longicalcar','','Diaphananthe longicalcar',50),(26355,'polystachys','','Oeoniella polystachys',81),(26357,'obtusatum','','Bulbophyllum obtusatum',39),(26370,'albida','','Aloe albida',22),(26372,'dorotheae','','Aloe dorotheae',22),(26378,'sylvatica','','Calanthe sylvatica',40),(26379,'suborbicularis','','Diaphananthe suborbicularis',50),(26380,'amplexicaule','','Angraecum amplexicaule',31),(26390,'cryptantha','','Angraecopsis cryptantha',30),(26391,'fleuretteana','','Aloe fleuretteana',22),(26394,'papilionum','','Euphorbia papilionum',16),(26400,'munchii','','Encephalartos munchii',126),(26409,'oxycalyx','','Bulbophyllum oxycalyx',39),(26410,'curvimentatum','','Bulbophyllum curvimentatum',39),(26413,'lyperocephalum','','Bulbophyllum lyperocephalum',39),(26429,'ingens','','Euphorbia ingens',16),(26451,'sebsebei','','Euphorbia sebsebei',16),(26454,'mossi','','Habenaria mossi',64),(26457,'platycalyx','','Diospyros platycalyx',15),(26458,'windsorii','','Pachypodium windsorii',4),(26467,'obversifolium','','Angraecum obversifolium',31),(26468,'josephi','','Bulbophyllum josephi',39),(26473,'paleiferum','','Bulbophyllum paleiferum',39),(26487,'rostratum','','Angraecum rostratum',31),(26488,'vittata','','Euphorbia vittata',16),(26491,'versicolores','','Euphorbia versicolores',16),(26492,'horridus','','Encephalartos horridus',126),(26495,'bruynsii','','Euphorbia bruynsii',16),(26504,'fusca','','Euphorbia fusca',16),(26518,'procera','','Didierea procera',14),(26520,'imalotensis','','Aloe imalotensis',22),(26521,'cumulata','','Euphorbia cumulata',16),(26525,'buchenaviana','','Disa buchenaviana',53),(26528,'stairsii','','Disa stairsii',53),(26536,'franksiae','','Euphorbia franksiae',16),(26538,'bayeriana','','Anacampseros bayeriana',118),(26543,'mackenziei','','Encephalartos mackenziei',126),(26545,'pantoblepharon','','Bulbophyllum pantoblepharon',39),(26548,'breviscapa','','Aloe breviscapa',22),(26552,'swynnertonii','','Aloe swynnertonii',22),(26554,'gemmea','','Euphorbia gemmea',16),(26559,'tricolor','','Dalbergia tricolor',17),(26564,'angelica','','Aloe angelica',22),(26573,'tsimbazazae','','Euphorbia tsimbazazae',16),(26578,'apertiflora','','Genyorchis apertiflora',61),(26601,'bivalvata','','Disa bivalvata',53),(26613,'sororium','','Angraecum sororium',31),(26644,'buruana','','Euphorbia buruana',16),(26647,'rigidifolium','','Angraecum rigidifolium',31),(26651,'xylacantha','','Euphorbia xylacantha',16),(26653,'longistyla','','Aloe longistyla',22),(26663,'distans','','Aloe distans',22),(26665,'ugandensis','','Aerangis ugandensis',27),(26670,'pseudodidieri','','Angraecum pseudodidieri',31),(26681,'dielsiana','','Anacampseros dielsiana',118),(26686,'maculata','','Aloe maculata',22),(26687,'ustulata','','Acrolophia ustulata',26),(26689,'juttae','','Hoodia juttae',3),(26699,'nubica','','Euphorbia nubica',16),(26700,'coriaceum','','Angraecum coriaceum',31),(26709,'nicklesii','','Alsophila nicklesii',7),(26710,'subtrinervis','','Diospyros subtrinervis',15),(26713,'turkii','','Bulbophyllum turkii',39),(26716,'teissieri','','Aloe teissieri',22),(26720,'palmiformis','','Aloe palmiformis',22),(26721,'velutina','','Habenaria velutina',64),(26745,'ponderosa','','Euphorbia ponderosa',16),(26746,'squamosa','','Cynorkis squamosa',128),(26750,'thompsoniae','','Aloe thompsoniae',22),(26757,'unispina','','Euphorbia unispina',16),(26758,'nuttii','','Aloe nuttii',22),(26762,'humilis','','Aloe humilis',22),(26769,'compactum','','Angraecum compactum',31),(26775,'exilispina','','Euphorbia exilispina',16),(26783,'bargalensis','','Aloe bargalensis',22),(26802,'inaequispina','','Euphorbia inaequispina',16),(26804,'globosa','','Euphorbia globosa',16),(26810,'sakalavarum','','Diospyros sakalavarum',15),(26817,'restituta','','Euphorbia restituta',16),(26818,'sakoankenke','','Aloe sakoankenke',22),(26820,'polygona','','Euphorbia polygona',16),(26821,'scalariforme','','Angraecum scalariforme',31),(26823,'awashensis','','Euphorbia awashensis',16),(26835,'confluens','','Euphorbia confluens',16),(26842,'maculata','','Oeceoclades maculata',80),(26859,'variegatum','','Bulbophyllum variegatum',39),(26860,'conchidioides','','Bulbophyllum conchidioides',39),(26871,'geayi','','Pachypodium geayi',4),(26872,'commixta','','Aloe commixta',22),(26876,'filicornu','','Angraecum filicornu',31),(26894,'gorgonis','','Euphorbia gorgonis',16),(26908,'juglans','','Euphorbia juglans',16),(26967,'renkinianum','','Bulbophyllum renkinianum',39),(26974,'multifolia','','Euphorbia multifolia',16),(26979,'bathieanum','','Bulbophyllum bathieanum',39),(26987,'ambrense','','Bulbophyllum ambrense',39),(26997,'coxii','','Taeniophyllum coxii',104),(27003,'myrioclada','','Euphorbia myrioclada',16),(27017,'crassum','','Angraecum crassum',31),(27024,'microcharis','','Angraecum microcharis',31),(27029,'rohlfsianum','','Cyclamen rohlfsianum',120),(27038,'anosivolensis','','Diospyros anosivolensis',15),(27061,'fragrans','','Disa fragrans',53),(27064,'castanea','','Aloe castanea',22),(27067,'tardieuana','','Euphorbia tardieuana',16),(27073,'cycadifolius','','Encephalartos cycadifolius',126),(27076,'ruschii','','Avonia ruschii',119),(27099,'subsecundum','','Bulbophyllum subsecundum',39),(27115,'suprafoliata','','Aloe suprafoliata',22),(27123,'megalonyx','','Bulbophyllum megalonyx',39),(27131,'filiflora','','Euphorbia filiflora',16),(27133,'jansenvillensis','','Euphorbia jansenvillensis',16),(27144,'kedongensis','','Aloe kedongensis',22),(27145,'andohalelensis','','Alsophila andohalelensis',7),(27151,'ramosum','','Angraecum ramosum',31),(27162,'murina','','Aloe murina',22),(27171,'powysiorum','','Aloe powysiorum',22),(27174,'barbicollis','','Euphorbia barbicollis',16),(27179,'pauciramosum','','Angraecum pauciramosum',31),(27192,'appendiculata','','Alsophila appendiculata',7),(27204,'latispathulata','','Diospyros latispathulata',15),(27205,'labatii','','Bulbophyllum labatii',39),(27209,'hallii','','Euphorbia hallii',16),(27210,'davidii','','Dalbergia davidii',17),(27218,'toilliezae','','Nervilia toilliezae',78),(27219,'calyptratum','','Bulbophyllum calyptratum',39),(27222,'capuronii','','Dalbergia capuronii',17),(27224,'dryadum','','Angraecum dryadum',31),(27242,'dolomiticus','','Encephalartos dolomiticus',126),(27245,'tysonii','','Neobolusia tysonii',77),(27249,'baroumba','','Alsophila baroumba',7),(27251,'multiceps','','Euphorbia multiceps',16),(27263,'moratii','','Euphorbia moratii',16),(27279,'acutula','','Alsophila acutula',7),(27295,'obesum','','Angraecum obesum',31),(27302,'dauana','','Euphorbia dauana',16),(27309,'geniculatum','','Angraecum geniculatum',31),(27311,'tetrapoda','','Diospyros tetrapoda',15),(27319,'bubalina','','Euphorbia bubalina',16),(27329,'excelsa','','Herschelianthe excelsa',66),(27343,'francoisii','','Bulbophyllum francoisii',39),(27370,'thodei','','Disa thodei',53),(27373,'triloba','','Disa triloba',53),(27378,'pachypus','','Bulbophyllum pachypus',39),(27383,'nubigena','','Euphorbia nubigena',16),(27392,'appendiculoides','','Angraecum appendiculoides',31),(27400,'sanfordii','','Angraecum sanfordii',31),(27403,'rubrimarginata','','Euphorbia rubrimarginata',16),(27406,'holubii','','Habenaria holubii',64),(27422,'gillettii','','Euphorbia gillettii',16),(27425,'satyriopsis','','Disa satyriopsis',53),(27429,'rosea','','Disa rosea',53),(27432,'verrucosa','','Didymoplexis verrucosa',52),(27444,'articulata','','Aerangis articulata',27),(27453,'enervis','','Diospyros enervis',15),(27459,'marsabitensis','','Euphorbia marsabitensis',16),(27468,'desmondii','','Euphorbia desmondii',16),(27469,'pleurothallopsis','','Bulbophyllum pleurothallopsis',39),(27474,'rubiginosum','','Bulbophyllum rubiginosum',39),(27478,'tugelensis','','Euphorbia tugelensis',16),(27481,'subscandens','','Euphorbia subscandens',16),(27503,'triquetrum','','Angraecum triquetrum',31),(27515,'denisiana','','Euphorbia denisiana',16),(27516,'fluminis','','Euphorbia fluminis',16),(27519,'decurva','','Aloe decurva',22),(27521,'duseimata','','Euphorbia duseimata',16),(27533,'oreophila','','Disa oreophila',53),(27536,'moratii','','Bulbophyllum moratii',39),(27539,'enterophora','','Euphorbia enterophora',16),(27540,'nyassae','','Euphorbia nyassae',16),(27541,'gamkensis','','Euphorbia gamkensis',16),(27546,'heenanii','','Encephalartos heenanii',126),(27551,'friisii','','Aloe friisii',22),(27566,'scutellifera','','Disa scutellifera',53),(27584,'candelabrum','','Euphorbia candelabrum',16),(27590,'tortistyla','','Euphorbia tortistyla',16),(27593,'hirsutissima','','Habenaria hirsutissima',64),(27594,'kotschyana','','Aerangis kotschyana',27),(27607,'parvibracteata','','Aloe parvibracteata',22),(27615,'sclavoi','','Encephalartos sclavoi',126),(27616,'tamarindicolum','','Angraecum tamarindicolum',31),(27628,'amarifontana','','Euphorbia amarifontana',16),(27650,'albidiflora','','Anacampseros albidiflora',118),(27664,'masoalensis','','Dalbergia masoalensis',17),(27669,'eburneum','','Pachypodium eburneum',4),(27672,'oblongifolium','','Angraecum oblongifolium',31),(27674,'analamerensis','','Diospyros analamerensis',15),(27679,'leptosiphon','','Aloe leptosiphon',22),(27684,'schomeri','','Aloe schomeri',22),(27699,'flanaganii','','Euphorbia flanaganii',16),(27706,'danii','','Bulbophyllum danii',39),(27719,'ernestii','','Euphorbia ernestii',16),(27730,'palmiforme','','Angraecum palmiforme',31),(27741,'droseroides','','Aloe droseroides',22),(27748,'tsaratananensis','','Dalbergia tsaratananensis',17),(27749,'wildii','','Aloe wildii',22),(27758,'reygaertii','','Angraecum reygaertii',31),(27759,'kivuense','','Bulbophyllum kivuense',39),(27778,'colubrina','','Euphorbia colubrina',16),(27779,'vanum','','Bulbophyllum vanum',39),(27780,'madecassa','','Diospyros madecassa',15),(27825,'undulatum','','Angraecum undulatum',31),(27826,'hypogaea','','Euphorbia hypogaea',16),(27829,'luteobracteatum','','Bulbophyllum luteobracteatum',39),(27831,'emirnensis','','Dalbergia emirnensis',17),(27836,'zombica','','Disa zombica',53),(27840,'heptagona','','Euphorbia heptagona',16),(27859,'cryptopoda','','Aloe cryptopoda',22),(27865,'aequiloba','','Disa aequiloba',53),(27874,'gracillima','','Aerangis gracillima',27),(27883,'carteriana','','Euphorbia carteriana',16),(27885,'ranomafanae','','Bulbophyllum ranomafanae',39),(27889,'comorianum','','Bulbophyllum comorianum',39),(27891,'andringitrana','','Disa andringitrana',53),(27892,'caput-aureum','','Euphorbia caput-aureum',16),(27908,'onivense','','Bulbophyllum onivense',39),(27914,'hirsutus','','Encephalartos hirsutus',126),(27920,'telipogonis','','Disa telipogonis',53),(27924,'haemanthifolia','','Aloe haemanthifolia',22),(27926,'indurescens','','Euphorbia indurescens',16),(27936,'famatamboay','','Euphorbia famatamboay',16),(27944,'venusta','','Herschelianthe venusta',66),(27945,'zakamenensis','','Alsophila zakamenensis',7),(27950,'longibracteatus','','Phaius longibracteatus',87),(27959,'albiflora','','Aloe albiflora',22),(27961,'chortolirioides','','Aloe chortolirioides',22),(27972,'montana','','Disa montana',53),(27974,'antandroi','','Aloe antandroi',22),(27975,'tuberculatoides','','Euphorbia tuberculatoides',16),(28009,'cuneata','','Euphorbia cuneata',16),(28021,'ambrense','','Angraecum ambrense',31),(28023,'anivoranoensis','','Aloe anivoranoensis',22),(28030,'stolzii','','Angraecum stolzii',31),(28034,'herman-schwartzii','','Euphorbia herman-schwartzii',16),(28048,'steudneri','','Aloe steudneri',22),(28055,'geroldii','','Euphorbia geroldii',16),(28070,'transvaalensis','','Euphorbia transvaalensis',16),(28079,'newdigateae','','Herschelianthe newdigateae',66),(28103,'pugniformis','','Euphorbia pugniformis',16),(28108,'gigantea','','Ansellia gigantea',32),(28131,'elisabethae','','Eulophiella elisabethae',58),(28134,'obtusilabium','','Bulbophyllum obtusilabium',39),(28140,'spectabile','','Angraecum spectabile',31),(28142,'gracilis','','Aloe gracilis',22),(28145,'nigerica','','Disa nigerica',53),(28148,'pingue','','Angraecum pingue',31),(28151,'claessensii','','Angraecum claessensii',31),(28154,'greveana','','Diospyros greveana',15),(28156,'lomi','','Euphorbia lomi',16),(28159,'uniflora','','Disa uniflora',53),(28166,'roeperocharoides','','Disa roeperocharoides',53),(28167,'andohahelensis','','Aloe andohahelensis',22),(28172,'madagascariensis','','Nepenthes madagascariensis',24),(28188,'gillettii','','Aloe gillettii',22),(28189,'madagascariensis','','Dalbergia madagascariensis',17),(28191,'robivelonae','','Euphorbia robivelonae',16),(28192,'fimbriatum','','Bulbophyllum fimbriatum',39),(28196,'rubella','','Euphorbia rubella',16),(28199,'hardyi','','Aloe hardyi',22),(28205,'lanceolata','','Anacampseros lanceolata',118),(28218,'trigona','','Euphorbia trigona',16),(28219,'bispinosum','','Pachypodium bispinosum',4),(28221,'oxychilum','','Bulbophyllum oxychilum',39),(28222,'goodyeroides','','Liparis goodyeroides',70),(28228,'leoni','','Bulbophyllum leoni',39),(28232,'calceolus','','Angraecum calceolus',31),(28253,'nigerica','','Habenaria nigerica',64),(28256,'soutpansbergensis','','Aloe soutpansbergensis',22),(28270,'brandhamii','','Aloe brandhamii',22),(28275,'subfalciformis','','Diospyros subfalciformis',15),(28281,'tampinensis','','Diospyros tampinensis',15),(28286,'austrooccidentalis','','Eulophia austrooccidentalis',56),(28294,'johannis','','Bulbophyllum johannis',39),(28295,'decaryana','','Diospyros decaryana',15),(28315,'mixta','','Brachycorythis mixta',38),(28323,'bavonis','','Bulbophyllum bavonis',39),(28332,'integra','','Aloe integra',22),(28333,'melanostictum','','Angraecum melanostictum',31),(28342,'neglectum','','Bulbophyllum neglectum',39),(28349,'pseudoviguieri','','Dalbergia pseudoviguieri',17),(28350,'rudolfii','','Euphorbia rudolfii',16),(28351,'hyaloides','','Aerangis hyaloides',27),(28353,'megalocarpa','','Aloe megalocarpa',22),(28354,'cruciferum','','Pterygodium cruciferum',94),(28380,'aculeata','','Aloe aculeata',22),(28391,'penduliflora','','Aloe penduliflora',22),(28403,'birrimense','','Angraecum birrimense',31),(28409,'coriacea','','Aerangis coriacea',27),(28415,'vryheidensis','','Aloe vryheidensis',22),(28441,'cyrenaica','','Orchis cyrenaica',83),(28445,'dumosa','','Didierea dumosa',14),(28447,'brevifolia','','Aloe brevifolia',22),(28452,'gilgianum','','Bulbophyllum gilgianum',39),(28458,'brachycheira','','Holothrix brachycheira',67),(28462,'geayana','','Diospyros geayana',15),(28476,'inermis','','Euphorbia inermis',16),(28488,'bosseri','','Euphorbia bosseri',16),(28489,'ellisii','','Aerangis ellisii',27),(28515,'cupuligera','','Stolzia cupuligera',103),(28519,'gregaria','','Euphorbia gregaria',16),(28523,'stapfii','','Euphorbia stapfii',16),(28524,'teretifolium','','Bulbophyllum teretifolium',39),(28534,'barbata','','Acrolophia barbata',26),(28536,'brevicaule','','Pachypodium brevicaule',4),(28545,'brachystachyum','','Bulbophyllum brachystachyum',39),(28546,'pusillum','','Bulbophyllum pusillum',39),(28547,'boranensis','','Euphorbia boranensis',16),(28554,'burmannii','','Euphorbia burmannii',16),(28563,'oreonastes','','Bulbophyllum oreonastes',39),(28569,'schmitzii','','Encephalartos schmitzii',126),(28580,'macrocentra','','Aerangis macrocentra',27),(28590,'oligoclada','','Euphorbia oligoclada',16),(28591,'protectum','','Bulbophyllum protectum',39),(28603,'lamarckii','','Euphorbia lamarckii',16),(28610,'alexandrei','','Aloe alexandrei',22),(28618,'proballyana','','Euphorbia proballyana',16),(28621,'therezienii','','Bulbophyllum therezienii',39),(28634,'lemurica','','Dalbergia lemurica',17),(28647,'salteri','','Disa salteri',53),(28648,'woodii','','Encephalartos woodii',126),(28651,'eduardoi','','Euphorbia eduardoi',16),(28653,'lomatophylloides','','Aloe lomatophylloides',22),(28659,'gentilis','','Euphorbia gentilis',16),(28662,'equestris','','Disa equestris',53),(28666,'manniana','','Alsophila manniana',7),(28667,'deightonii','','Euphorbia deightonii',16),(28669,'pusillum','','Angraecum pusillum',31),(28676,'fastuosa','','Aerangis fastuosa',27),(28681,'guillaumetii','','Aloe guillaumetii',22),(28682,'coccinatum','','Bulbophyllum coccinatum',39),(28684,'schweinfurthii','','Aloe schweinfurthii',22),(28685,'micracantha','','Euphorbia micracantha',16),(28687,'pustuligemma','','Aloe pustuligemma',22),(28688,'zeyheriana','','Eulophia zeyheriana',56),(28689,'tholicola','','Euphorbia tholicola',16),(28691,'ramosissima','','Aloe ramosissima',22),(28693,'metallica','','Aloe metallica',22),(28698,'doratophyllum','','Angraecum doratophyllum',31),(28709,'longicornu','','Disa longicornu',53),(28714,'holmesiae','','Euphorbia holmesiae',16),(28730,'immaculata','','Aloe immaculata',22),(28734,'microrhombus','','Diospyros microrhombus',15),(28749,'ghellinckii','','Encephalartos ghellinckii',126),(28762,'alcicornis','','Euphorbia alcicornis',16),(28768,'elliotii','','Euphorbia elliotii',16),(28774,'splendida','','Aerangis splendida',27),(28782,'toilliezae','','Bulbophyllum toilliezae',39),(28788,'minima','','Aloe minima',22),(28789,'egertonii','','Angraecum egertonii',31),(28793,'vogtsii','','Aloe vogtsii',22),(28825,'macroceras','','Platycoryne macroceras',90),(28835,'vallaris','','Aloe vallaris',22),(28858,'mayottensis','','Aloe mayottensis',22),(28863,'odontophora','','Euphorbia odontophora',16),(28865,'fuscovelutina','','Diospyros fuscovelutina',15),(28874,'curvicalcar','','Angraecum curvicalcar',31),(28892,'chersina','','Euphorbia chersina',16),(28895,'cremersii','','Euphorbia cremersii',16),(28896,'patersonii','','Aloe patersonii',22),(28904,'scopata','','Anacampseros scopata',118),(28908,'tysonii','','Disperis tysonii',54),(28910,'turneri','','Encephalartos turneri',126),(28916,'platypetala','','Eulophia platypetala',56),(28917,'baleensis','','Euphorbia baleensis',16),(28918,'borbonica','','Alsophila borbonica',7),(28920,'macrosiphon','','Aloe macrosiphon',22),(28921,'curvipes','','Angraecum curvipes',31),(28928,'galgalana','','Euphorbia galgalana',16),(28947,'keithii','','Euphorbia keithii',16),(28948,'curnowiana','','Aerangis curnowiana',27),(28954,'bulbispina','','Euphorbia bulbispina',16),(28960,'cuneneana','','Euphorbia cuneneana',16),(28962,'bodkini','','Pachites bodkini',86),(28969,'schizacantha','','Euphorbia schizacantha',16),(28986,'greenii','','Aloe greenii',22),(28999,'leachii','','Aloe leachii',22),(29002,'catengiana','','Aloe catengiana',22),(29008,'cardinalis','','Disa cardinalis',53),(29012,'crassifolia','','Tridactyle crassifolia',105),(29013,'ophiuchus','','Bulbophyllum ophiuchus',39),(29022,'nigrescens','','Habenaria nigrescens',64),(29030,'inundaticola','','Euphorbia inundaticola',16),(29033,'aggregata','','Euphorbia aggregata',16),(29050,'randii','','Holothrix randii',67),(29056,'confusa','','Jumellea confusa',69),(29063,'lilacinus','','Schizochilus lilacinus',98),(29069,'phillipsiae','','Euphorbia phillipsiae',16),(29077,'dinteri','','Avonia dinteri',119),(29086,'campenonii','','Dalbergia campenonii',17),(29089,'montana','','Aerangis montana',27),(29101,'fimbriata','','Euphorbia fimbriata',16),(29105,'marlothii','','Disa marlothii',53),(29112,'dracomontana','','Disa dracomontana',53),(29113,'muscicola','','Bulbophyllum muscicola',39),(29117,'carnosisepalum','','Bulbophyllum carnosisepalum',39),(29120,'aspericaulis','','Euphorbia aspericaulis',16),(29130,'papagayi','','Diaphananthe papagayi',50),(29135,'poissonii','','Euphorbia poissonii',16),(29145,'vulcanorum','','Euphorbia vulcanorum',16),(29149,'louvelii','','Ravenea louvelii',113),(29169,'forolensis','','Euphorbia forolensis',16),(29173,'curvicaule','','Angraecum curvicaule',31),(29181,'parvicyathophora','','Euphorbia parvicyathophora',16),(29193,'equitans','','Angraecum equitans',31),(29197,'hirsutissimum','','Bulbophyllum hirsutissimum',39),(29231,'petersii','','Eulophia petersii',56),(29237,'cornuta','','Disa cornuta',53),(29245,'caffer','','Encephalartos caffer',126),(29251,'viguieri','','Bulbophyllum viguieri',39),(29252,'cryptoflora','','Aloe cryptoflora',22),(29258,'punctata','','Aerangis punctata',27),(29262,'caput-medusae','','Euphorbia caput-medusae',16),(29269,'distincta','','Aerangis distincta',27),(29274,'decorsei','','Euphorbia decorsei',16),(29279,'orthoplecta','','Eulophia orthoplecta',56),(29285,'schinzianum','','Bulbophyllum schinzianum',39),(29287,'pembana','','Aloe pembana',22),(29289,'imerinense','','Bulbophyllum imerinense',39),(29295,'humblotianum','','Angraecum humblotianum',31),(29311,'venteri','','Euphorbia venteri',16),(29326,'striata','','Aloe striata',22),(29333,'dauphinense','','Angraecum dauphinense',31),(29341,'pervillei','','Diospyros pervillei',15),(29343,'corymbosa','','Euphorbia corymbosa',16),(29350,'hamelini','','Bulbophyllum hamelini',39),(29371,'brakdamensis','','Euphorbia brakdamensis',16),(29373,'schmitzii','','Euphorbia schmitzii',16),(29374,'atricapilla','','Disa atricapilla',53),(29377,'quadrispina','','Euphorbia quadrispina',16),(29391,'purpurea','','Aloe purpurea',22),(29403,'ketsensis','','Diospyros ketsensis',15),(29406,'castillonii','','Euphorbia castillonii',16),(29407,'hamata','','Euphorbia hamata',16),(29414,'keayi','','Aloe keayi',22),(29422,'kingii','','Polystachya kingii',92),(29425,'bicomitum','','Aloe bicomitum',22),(29451,'flava','','Hoodia flava',3),(29457,'tenuipes','','Angraecum tenuipes',31),(29459,'humbertii','','Aloe humbertii',22),(29465,'dawei','','Aloe dawei',22),(29499,'ptiloglossum','','Bulbophyllum ptiloglossum',39),(29514,'caricifolium','','Angraecum caricifolium',31),(29527,'amudatensis','','Aloe amudatensis',22),(29528,'peglerae','','Aloe peglerae',22),(29540,'danguyana','','Diospyros danguyana',15),(29543,'sterrophyllum','','Angraecum sterrophyllum',31),(29546,'acutipetalum','','Angraecum acutipetalum',31),(29564,'comosa','','Didierea comosa',14),(29572,'horombensis','','Euphorbia horombensis',16),(29601,'dinteri','','Aloe dinteri',22),(45512,'decipiens','','Dypsis decipiens',109),(52629,'decaryi','','Dypsis decaryi',109),(54336,'nidiformis','','Diospyros nidiformis',15),(54337,'perglauca','','Diospyros perglauca',15),(54338,'pervilleana','','Diospyros pervilleana',15),(54344,'torquata','','Diospyros torquata',15),(54350,'laevis','','Diospyros laevis',15),(65413,'bouliawongo','','Eulophia bouliawongo',56),(65675,'deltoidea','','Aloe deltoidea',22),(65676,'mitsioana','','Aloe mitsioana',22),(65678,'philippei','','Aloe philippei',22),(65679,'pronkii','','Aloe pronkii',22),(65680,'rendilliorum','','Aloe rendilliorum',22),(66991,'enigmaticum','','Pachypodium enigmaticum',4),(67733,'erinaceus','','Pterocarpus erinaceus',20),(67986,'grandidieri','','Adansonia grandidieri',23),(68027,'subsessilifolia','','Adenia subsessilifolia',116),(68031,'gossweileri','','Dalbergia gossweileri',17),(68034,'heudelotii','','Dalbergia heudelotii',17),(68035,'teixeirae','','Dalbergia teixeirae',17),(68040,'setifera','','Dalbergia setifera',17),(68044,'bakeri','','Dalbergia bakeri',17),(68045,'martinii','','Dalbergia martinii',17),(68053,'multijuga','','Dalbergia multijuga',17),(68056,'vacciniifolia','','Dalbergia vacciniifolia',17),(68058,'tessmannii','','Guibourtia tessmannii',18),(68063,'fouilloyana','','Dalbergia fouilloyana',17),(68080,'boehmii','','Dalbergia boehmii',17),(68081,'kisantuensis','','Dalbergia kisantuensis',17),(68092,'assamica','','Dalbergia assamica',17),(68096,'congensis','','Dalbergia congensis',17),(68101,'rugosa','','Dalbergia rugosa',17),(68104,'armata','','Dalbergia armata',17),(68107,'ecastaphyllum','','Dalbergia ecastaphyllum',17),(68108,'acariiantha','','Dalbergia acariiantha',17),(68115,'hostilis','','Dalbergia hostilis',17),(68118,'acutifoliolata','','Dalbergia acutifoliolata',17),(68124,'oblongifolia','','Dalbergia oblongifolia',17),(68126,'crispa','','Dalbergia crispa',17),(68129,'malangensis','','Dalbergia malangensis',17),(68130,'nitida','','Dalbergia nitida',17),(68131,'bignonae','','Dalbergia bignonae',17),(68134,'dalzielii','','Dalbergia dalzielii',17),(68140,'carringtoniana','','Dalbergia carringtoniana',17),(68151,'eremicola','','Dalbergia eremicola',17),(68152,'lastoursvillensis','','Dalbergia lastoursvillensis',17),(68155,'microphylla','','Dalbergia microphylla',17),(68156,'albiflora','','Dalbergia albiflora',17),(68159,'saxatilis','','Dalbergia saxatilis',17),(68168,'grandibracteata','','Dalbergia grandibracteata',17),(68171,'gilbertii','','Dalbergia gilbertii',17),(68184,'sambesiaca','','Dalbergia sambesiaca',17),(68189,'ealaensis','','Dalbergia ealaensis',17),(68201,'demeusei','','Guibourtia demeusei',18),(68206,'uarandensis','','Dalbergia uarandensis',17),(68210,'commiphoroides','','Dalbergia commiphoroides',17),(68217,'louisii','','Dalbergia louisii',17),(68220,'arbutifolia','','Dalbergia arbutifolia',17),(68222,'pachycarpa','','Dalbergia pachycarpa',17),(68224,'sericea','','Dalbergia sericea',17),(68227,'oligophylla','','Dalbergia oligophylla',17),(68237,'sissoo','','Dalbergia sissoo',17),(68240,'ajudana','','Dalbergia ajudana',17),(68241,'librevillensis','','Dalbergia librevillensis',17),(68247,'comorensis','','Dalbergia comorensis',17),(68249,'noldeae','','Dalbergia noldeae',17),(68251,'laxiflora','','Dalbergia laxiflora',17),(68253,'macrosperma','','Dalbergia macrosperma',17),(68255,'ngounyensis','','Dalbergia ngounyensis',17),(68258,'gentilii','','Dalbergia gentilii',17),(68262,'florifera','','Dalbergia florifera',17),(68268,'pluriflora','','Dalbergia pluriflora',17),(68288,'obovata','','Dalbergia obovata',17),(68296,'nitidula','','Dalbergia nitidula',17),(68303,'fischeri','','Dalbergia fischeri',17),(68309,'pellegriniana','','Guibourtia pellegriniana',18),(68317,'latifolia','','Dalbergia latifolia',17),(68322,'rufa','','Dalbergia rufa',17),(68323,'mayumbensis','','Dalbergia mayumbensis',17),(68328,'lactea','','Dalbergia lactea',17),(68329,'afzeliana','','Dalbergia afzeliana',17),(68339,'adami','','Dalbergia adami',17),(68425,'comorensis','','Diospyros comorensis',15),(68427,'louvelii','','Diospyros louvelii',15);
/*!40000 ALTER TABLE `plant` ENABLE KEYS */;
UNLOCK TABLES;
/*!40103 SET TIME_ZONE=@OLD_TIME_ZONE */;

/*!40101 SET SQL_MODE=@OLD_SQL_MODE */;
/*!40014 SET FOREIGN_KEY_CHECKS=@OLD_FOREIGN_KEY_CHECKS */;
/*!40014 SET UNIQUE_CHECKS=@OLD_UNIQUE_CHECKS */;
/*!40101 SET CHARACTER_SET_CLIENT=@OLD_CHARACTER_SET_CLIENT */;
/*!40101 SET CHARACTER_SET_RESULTS=@OLD_CHARACTER_SET_RESULTS */;
/*!40101 SET COLLATION_CONNECTION=@OLD_COLLATION_CONNECTION */;
/*!40111 SET SQL_NOTES=@OLD_SQL_NOTES */;

-- Dump completed on 2017-05-02  9:09:02
